,2017,2018,2019
United States,52118,54606,56490
,,,
Alabama,41030,42710,44145
Autauga,41101,42504,43917
Baldwin,44566,46205,47485
Barbour,33318,35067,35763
Bibb,29386,30559,31725
Blount,34317,35671,36412
Bullock,26906,27891,29080
Butler,35803,36783,37523
Calhoun,35927,36988,38394
Chambers,32940,34395,35900
Cherokee,34625,36037,36432
Chilton,33863,35053,36188
Choctaw,37444,38896,40145
Clarke,35419,36336,37965
Clay,32492,33613,34322
Cleburne,35457,36243,35791
Coffee,41205,42863,43979
Colbert,37371,38319,39679
Conecuh,31957,33563,34892
Coosa,30294,31343,32523
Covington,35098,36171,36756
Crenshaw,35868,36875,37118
Cullman,38513,40016,40818
Dale,35809,37063,37853
Dallas,34734,36175,38362
DeKalb,31520,32642,33242
Elmore,41376,42705,44316
Escambia,32114,32997,34432
Etowah,36064,37245,38326
Fayette,33769,35041,36465
Franklin,33038,34714,35292
Geneva,34331,35525,36848
Greene,31790,31760,33386
Hale,35842,36586,38207
Henry,40915,42439,43502
Houston,41340,43216,44647
Jackson,35967,37162,38315
Jefferson,52923,55570,57329
Lamar,32665,33804,35148
Lauderdale,36093,37487,38758
Lawrence,32819,34084,35039
Lee,36845,38378,39781
Limestone,41192,43286,44946
Lowndes,39023,39796,40785
Macon,31821,33336,34901
Madison,49711,52011,54010
Marengo,37667,40209,41567
Marion,32089,33189,34000
Marshall,35003,36243,37345
Mobile,37390,38791,40112
Monroe,32780,33595,35174
Montgomery,42732,43969,45479
Morgan,38631,40223,41741
Perry,31671,31821,33529
Pickens,32144,33087,33890
Pike,36445,37543,38473
Randolph,32481,33441,33804
Russell,32572,32655,33986
St. Clair,37413,39329,40766
Shelby,52454,54963,56830
Sumter,31228,31679,33009
Talladega,33624,34709,36125
Tallapoosa,39440,40957,42509
Tuscaloosa,37824,39334,40648
Walker,39318,41144,42477
Washington,35542,36641,37837
Wilcox,32188,33406,34903
Winston,33585,34515,35776
,,,
Alaska,57394,60355,62806
Aleutians East Borough,58601,57050,62537
Aleutians West Census Area,53225,56288,58008
Anchorage Municipality,63802,67282,70145
Bethel Census Area,42572,45242,46348
Bristol Bay Borough,126290,142617,151900
Denali Borough,78395,84613,84166
Dillingham Census Area,58180,59907,61922
Fairbanks North Star Borough,54612,57720,59958
Haines Borough,62977,71435,71711
Hoonah-Angoon Census Area,59937,62178,64905
Juneau City and Borough,67154,71128,73335
Kenai Peninsula Borough,50150,52582,54870
Ketchikan Gateway Borough,66150,68941,70985
Kodiak Island Borough,61147,62769,66382
Kusilvak Census Area,29870,30660,31944
Lake and Peninsula Borough,61344,66991,65898
Matanuska-Susitna Borough,44684,47026,48943
Nome Census Area,49700,51866,54272
North Slope Borough,84892,83724,89863
Northwest Arctic Borough,44909,49447,51526
Petersburg Borough,66506,71510,74021
Prince of Wales-Hyder Census Area,42263,45784,49177
Sitka City and Borough,68506,71315,74440
Skagway Municipality,77243,82671,86519
Southeast Fairbanks Census Area,47918,50475,52458
Valdez-Cordova Census Area,60013,61921,64202
Wrangell City and Borough,45530,48809,49549
Yakutat City and Borough,56701,60309,66967
Yukon-Koyukuk Census Area,54980,58274,60579
,,,
Arizona,42590,44597,46058
Apache,32842,34265,35189
Cochise,39060,39911,41766
Coconino,46824,48870,49189
Gila,38777,39929,41217
Graham,30142,31195,31895
Greenlee,36846,40342,42296
La Paz,31230,32268,34006
Maricopa,45765,48113,49704
Mohave,32030,33354,34393
Navajo,30985,32126,33268
Pima,42245,44015,45456
Pinal,29910,31030,32182
Santa Cruz,37116,37954,39427
Yavapai,38661,40435,41393
Yuma,33969,35012,36570
,,,
Arkansas,41657,43325,44629
Arkansas,44286,45471,47899
Ashley,34610,36040,37944
Baxter,35798,36582,37749
Benton,84181,92342,92697
Boone,34130,35628,36414
Bradley,37412,38859,39980
Calhoun,33198,34026,35686
Carroll,32472,33251,33021
Chicot,36670,37601,40389
Clark,34639,35399,36832
Clay,34434,35399,36459
Cleburne,36731,37731,38942
Cleveland,38334,40595,39847
Columbia,36803,36517,37456
Conway,36880,38214,38892
Craighead,36472,37218,38669
Crawford,31899,32620,33904
Crittenden,36282,37289,39041
Cross,35743,35462,38693
Dallas,33577,34911,37101
Desha,37550,38151,40943
Drew,35807,36305,37742
Faulkner,36406,37702,38949
Franklin,32342,33210,33404
Fulton,27018,28005,29020
Garland,38759,39578,41069
Grant,36960,37800,39087
Greene,33499,34525,35770
Hempstead,30947,32057,32238
Hot Spring,29844,30468,31443
Howard,35236,36320,34762
Independence,34516,35059,36476
Izard,29243,30375,30923
Jackson,37078,37997,40703
Jefferson,34200,35034,36586
Johnson,28304,28736,28920
Lafayette,34787,35671,36524
Lawrence,33257,33455,34400
Lee,28826,28833,32099
Lincoln,25985,27134,28024
Little River,34061,34505,35383
Logan,33007,33810,33386
Lonoke,37818,39316,40749
Madison,35479,35084,34245
Marion,29545,30423,31405
Miller,32687,33695,35035
Mississippi,31520,33823,36882
Monroe,32773,33514,36710
Montgomery,28506,29366,29858
Nevada,32769,33601,34274
Newton,27377,28903,30096
Ouachita,35188,37197,38801
Perry,34504,35332,36248
Phillips,31626,32855,35438
Pike,31895,32659,32499
Poinsett,32340,33314,35558
Polk,29342,30599,30984
Pope,33811,34990,35464
Prairie,36266,37033,37330
Pulaski,49304,50248,51927
Randolph,32966,33530,34352
St. Francis,27104,27844,29154
Saline,40308,41340,42688
Scott,30378,31448,31159
Searcy,26825,27117,28143
Sebastian,40598,41416,42821
Sevier,31700,32860,32001
Sharp,32742,34049,34403
Stone,29772,30712,31593
Union,43413,43796,45261
Van Buren,29722,30393,31697
Washington,39145,39844,41005
White,34548,35831,37082
Woodruff,37437,37540,39902
Yell,32735,34031,33260
,,,
California,60549,63720,66619
Alameda,71947,77233,81171
Alpine,69500,72059,72155
Amador,43255,44282,45920
Butte,43164,44576,47860
Calaveras,47243,49227,51131
Colusa,44211,49962,51342
Contra Costa,77211,81442,85324
Del Norte,35993,36855,38445
El Dorado,64657,67215,69895
Fresno,41905,43438,45487
Glenn,43587,47124,49194
Humboldt,45815,47400,49654
Imperial,37060,37587,40447
Inyo,59558,58259,60513
Kern,38388,39794,41843
Kings,36494,36961,39433
Lake,40911,42632,44259
Lassen,35959,37010,38130
Los Angeles,59625,62300,65094
Madera,37967,39094,41267
Marin,125607,136066,141735
Mariposa,50945,53398,56354
Mendocino,47840,50478,52976
Merced,38329,39018,41077
Modoc,45825,47262,51088
Mono,51015,50437,53500
Monterey,54691,56634,59838
Napa,70649,72043,75717
Nevada,59122,61125,63542
Orange,66044,68917,71711
Placer,64382,66506,68936
Plumas,51123,53490,55910
Riverside,39148,40587,42418
Sacramento,50717,53023,55266
San Benito,50508,52637,55261
San Bernardino,38774,40150,42043
San Diego,58380,61147,63729
San Francisco,122711,133325,139405
San Joaquin,42917,44697,47139
San Luis Obispo,55580,58108,61004
San Mateo,118047,128230,134107
Santa Barbara,59894,63314,66076
Santa Clara,100691,110344,115997
Santa Cruz,64731,68277,71592
Shasta,44808,46589,48438
Sierra,43664,45400,47245
Siskiyou,44615,46128,48021
Solano,48593,50756,53505
Sonoma,60027,63397,66700
Stanislaus,42592,43631,45742
Sutter,43215,45376,47605
Tehama,40165,41469,43268
Trinity,38383,41184,43471
Tulare,39670,40206,42845
Tuolumne,45846,47087,48841
Ventura,58970,61900,64715
Yolo,52052,53704,56123
Yuba,39744,41533,43536
,,,
Colorado,55604,58896,61157
Adams,41321,43544,45481
Alamosa,36052,38163,40076
Arapahoe,57116,61906,64477
Archuleta,40893,42483,43088
Baca,46748,45677,43297
Bent,25693,29011,31374
Boulder,69968,73518,76527
Broomfield,63349,68038,70996
Chaffee,44521,47773,49036
Cheyenne,41698,43128,55188
Clear Creek,58257,59680,61816
Conejos,34640,36927,38385
Costilla,32930,34475,35621
Crowley,18923,20104,20822
Custer,40511,41846,42381
Delta,37040,38239,39339
Denver,74573,79023,81405
Dolores,35111,36518,38005
Douglas,70383,75255,78455
Eagle,73923,82342,84765
Elbert,54453,57917,60586
El Paso,47077,49003,51117
Fremont,33369,35527,36966
Garfield,56498,58474,60285
Gilpin,46151,48377,50346
Grand,47150,50550,51891
Gunnison,45438,47962,48853
Hinsdale,49771,49906,50294
Huerfano,40015,40775,41561
Jackson,48207,54857,55715
Jefferson,60265,63319,66017
Kiowa,44048,47918,54765
Kit Carson,39740,38701,45658
Lake,34557,36867,37391
La Plata,53394,57015,58216
Larimer,51748,54207,55884
Las Animas,37611,39965,39762
Lincoln,28763,29869,30855
Logan,45615,45426,46697
Mesa,42972,45405,46719
Mineral,67477,72400,75044
Moffat,39966,42271,43842
Montezuma,40788,42341,43542
Montrose,38226,41124,41852
Morgan,42267,45774,47774
Otero,35656,38109,39708
Ouray,56794,63421,64076
Park,43997,44479,46261
Phillips,42816,44282,49259
Pitkin,139918,154078,158313
Prowers,40244,42348,44623
Pueblo,37462,39293,40680
Rio Blanco,44377,47591,49846
Rio Grande,43559,47606,50408
Routt,79304,79918,81699
Saguache,30773,33806,37022
San Juan,45302,42855,47933
San Miguel,81166,87521,90444
Sedgwick,45025,43602,48824
Summit,64445,69447,71479
Teller,47694,49131,51206
Washington,38094,40194,43765
Weld,44479,48035,50198
Yuma,44418,44539,49201
,,,
Connecticut,71740,74855,77289
Fairfield,111380,117432,121397
Hartford,61708,64118,65720
Litchfield,61147,62875,65458
Middlesex,65298,67067,69167
New Haven,53582,55779,57748
New London,56543,57912,59717
Tolland,53999,55557,57307
Windham,44849,45787,47618
,,,
Delaware,50798,52930,54485
Kent,40653,41638,43097
New Castle,54657,57229,59175
Sussex,49213,51272,52085
,,,
District of Columbia,79221,81243,83406
,,,
Florida,48504,50964,52426
Alachua,42905,45054,46690
Baker,31068,32668,33254
Bay,41658,43188,45690
Bradford,32993,33727,34179
Brevard,43733,45959,47911
Broward,48456,50538,52308
Calhoun,26575,27621,29526
Charlotte,40281,41795,42793
Citrus,37012,38021,39055
Clay,41546,43000,44042
Collier,89607,98303,99382
Columbia,33553,34676,35583
DeSoto,24236,24865,26128
Dixie,27051,27868,28314
Duval,44767,46420,47475
Escambia,41182,42898,44349
Flagler,44613,46393,47558
Franklin,34500,37616,37320
Gadsden,33620,34717,35885
Gilchrist,32708,33487,34756
Glades,24112,25265,26102
Gulf,34234,37629,46346
Hamilton,25774,27176,27643
Hardee,28321,28034,29545
Hendry,30606,32337,33204
Hernando,35893,36996,38223
Highlands,33011,33548,34480
Hillsborough,44957,46812,48452
Holmes,29943,30924,31822
Indian River,74267,79353,80818
Jackson,31644,33401,36014
Jefferson,39118,40394,41989
Lafayette,24643,25033,27645
Lake,40928,42237,43425
Lee,49714,51093,52064
Leon,42713,45093,46394
Levy,35613,36066,37680
Liberty,23862,24703,25973
Madison,31640,32874,33859
Manatee,46130,47635,48618
Marion,36141,37219,38293
Martin,81063,83263,85394
Miami-Dade,48861,53148,54902
Monroe,87123,97768,101262
Nassau,56362,60364,61329
Okaloosa,47564,49267,50681
Okeechobee,30742,31093,31971
Orange,42889,44724,46250
Osceola,32346,34090,35258
Palm Beach,77041,81445,83268
Pasco,39114,40779,42070
Pinellas,51513,53762,55607
Polk,34938,35789,36649
Putnam,31007,31938,32949
St. Johns,66610,69698,70498
St. Lucie,38441,39881,41125
Santa Rosa,43295,44479,45981
Sarasota,62789,65864,66878
Seminole,47059,49451,51156
Sumter,44741,47364,48387
Suwannee,32492,33807,33882
Taylor,29073,30647,31054
Union,20832,21681,22440
Volusia,41019,42867,44180
Wakulla,35267,37166,37660
Walton,59118,63961,64481
Washington,28990,29946,30268
,,,
Georgia,44894,46957,48236
Appling,33329,34058,35514
Atkinson,29842,30277,31542
Bacon,31903,32169,33393
Baker,34559,36850,41323
Baldwin,31962,32870,34128
Banks,34915,35636,35151
Barrow,35399,36410,37436
Bartow,36760,38312,39505
Ben Hill,30271,31890,33228
Berrien,31001,31309,32935
Bibb,40241,41555,42696
Bleckley,33501,34332,35272
Brantley,26293,27453,28248
Brooks,34384,35566,37655
Bryan,50186,53188,53853
Bulloch,31183,32381,32724
Burke,34988,35861,38481
Butts,32973,34530,35017
Calhoun,24841,24536,27390
Camden,34959,36061,37184
Candler,31307,32504,34192
Carroll,37034,38359,39147
Catoosa,34097,35200,36399
Charlton,24211,24508,25020
Chatham,45475,47398,48294
Chattahoochee,30950,29790,30062
Chattooga,30030,30960,31577
Cherokee,49351,51311,52953
Clarke,32663,34034,34869
Clay,31022,32637,35142
Clayton,27145,27827,28665
Clinch,36132,37430,39136
Cobb,54986,57528,59194
Coffee,31927,32830,34073
Colquitt,32788,33337,34780
Columbia,47850,49355,51184
Cook,31178,32618,33845
Coweta,44802,47070,48424
Crawford,33205,33850,34100
Crisp,32003,32958,35421
Dade,33840,35890,34639
Dawson,43550,45676,46278
Decatur,34430,36709,38393
DeKalb,49045,51659,53086
Dodge,29875,30759,31970
Dooly,30034,30392,34331
Dougherty,34459,35494,37050
Douglas,34007,35290,36497
Early,36286,36880,40465
Echols,26955,27775,28211
Effingham,40182,41606,42271
Elbert,34530,35372,35550
Emanuel,32489,32574,33921
Evans,33737,34443,35109
Fannin,34838,36454,37385
Fayette,61114,65526,67467
Floyd,37072,38382,39314
Forsyth,60567,62230,63864
Franklin,34999,35871,34017
Fulton,81809,87311,88832
Gilmer,33997,35511,35576
Glascock,32619,33152,34786
Glynn,44342,47211,48170
Gordon,35793,35191,35557
Grady,33740,34883,36527
Greene,54873,59604,58708
Gwinnett,39902,41582,42902
Habersham,33013,34122,34831
Hall,42239,44442,45576
Hancock,28503,30377,31297
Haralson,35404,36840,37582
Harris,45876,48015,49471
Hart,36294,38091,37701
Heard,30467,31587,31965
Henry,37755,38930,40182
Houston,41189,42655,44059
Irwin,32784,33946,36036
Jackson,40859,42762,43508
Jasper,38812,37572,38568
Jeff Davis,28661,30290,32069
Jefferson,33475,33688,36033
Jenkins,29079,29540,31635
Johnson,24598,25656,26341
Jones,36187,37110,38526
Lamar,32262,33323,34375
Lanier,26311,27786,28991
Laurens,36287,38173,38995
Lee,45663,47272,49274
Liberty,34212,36661,37424
Lincoln,36192,37006,38527
Long,26398,27102,27232
Lowndes,36015,37622,38706
Lumpkin,35376,37666,38450
McDuffie,35727,36981,38456
McIntosh,28421,30089,30981
Macon,31536,30910,32343
Madison,35694,36843,36879
Marion,27723,29124,29849
Meriwether,33339,35019,36050
Miller,40926,44794,48011
Mitchell,34920,35496,37608
Monroe,43027,44968,46563
Montgomery,29408,29539,31037
Morgan,48581,50945,51677
Murray,29286,30383,30964
Muscogee,42492,44183,45352
Newton,32522,33704,34696
Oconee,63844,66430,67845
Oglethorpe,36222,37070,36698
Paulding,36348,37743,38978
Peach,37607,37583,39336
Pickens,46246,47572,48493
Pierce,35379,36060,37486
Pike,38650,40363,41401
Polk,31568,32810,34055
Pulaski,29793,30672,31603
Putnam,40723,43685,44643
Quitman,28395,30444,31466
Rabun,40013,40393,41058
Randolph,31484,32624,35186
Richmond,36935,38277,39370
Rockdale,33965,34979,36138
Schley,30195,31837,33044
Screven,32745,33915,35346
Seminole,40756,41975,47527
Spalding,33617,34786,35740
Stephens,38455,38752,39335
Stewart,21267,22058,23081
Sumter,35463,35842,37936
Talbot,34320,33904,35705
Taliaferro,33758,34112,37088
Tattnall,29017,29509,29106
Taylor,29616,30904,32801
Telfair,20623,20938,21535
Terrell,38634,40535,43654
Thomas,42907,45023,46223
Tift,36347,37906,39317
Toombs,34477,35781,37143
Towns,36248,38067,39181
Treutlen,29166,29271,29682
Troup,35069,36237,37690
Turner,34125,34472,36836
Twiggs,37404,40771,43163
Union,35474,36758,37588
Upson,34132,35631,36653
Walker,32064,33283,34078
Walton,39169,41153,42406
Ware,33203,33985,34915
Warren,33351,34741,36427
Washington,34580,35375,36321
Wayne,30223,31834,32633
Webster,31852,32198,34700
Wheeler,18854,18916,19472
White,33767,34896,35238
Whitfield,36988,39116,39927
Wilcox,27510,27455,29334
Wilkes,41697,42640,42644
Wilkinson,34341,35544,37011
Worth,33384,34602,36974
,,,
Hawaii,53433,55214,57015
Hawaii,40976,42228,43578
Honolulu,57352,59324,61174
Kauai,47373,49680,51545
Maui + Kalawao,47783,49157,51348
,,,
Idaho,42268,44554,45968
Ada,50894,53663,54896
Adams,36031,37686,39038
Bannock,37152,38232,39246
Bear Lake,38289,41146,43103
Benewah,36152,38209,39695
Bingham,33918,36096,37909
Blaine,107631,116962,117097
Boise,41821,41898,43320
Bonner,39615,41551,42277
Bonneville,46599,48989,50114
Boundary,34636,36880,38142
Butte,39128,42276,44828
Camas,41264,44173,47417
Canyon,31486,33314,34446
Caribou,38992,40205,42527
Cassia,43020,46257,49712
Clark,44314,45791,41622
Clearwater,34875,35977,36805
Custer,42363,43351,43920
Elmore,36432,38096,40585
Franklin,34528,35579,37293
Fremont (includes Yellowstone National Park),33434,35518,37953
Gem,36040,38237,39382
Gooding,52000,54853,61715
Idaho,33773,35134,35946
Jefferson,33681,35061,37025
Jerome,35547,37009,40190
Kootenai,43304,45409,46645
Latah,39732,40734,41833
Lemhi,40863,42557,44199
Lewis,45333,48227,49643
Lincoln,35390,36938,41610
Madison,24969,27628,28780
Minidoka,36476,39440,41421
Nez Perce,43356,45852,47200
Oneida,35330,36952,39523
Owyhee,33616,36731,39409
Payette,37891,39955,41890
Power,34765,39182,43313
Shoshone,34976,36275,36793
Teton,37703,39851,40911
Twin Falls,38935,40756,42379
Valley,48498,50491,51088
Washington,34080,35036,36292
,,,
Illinois,54252,57145,58764
Adams,44801,46880,47898
Alexander,33847,35446,37723
Bond,35156,36894,37871
Boone,45118,47006,47682
Brown,33186,35416,37500
Bureau,40394,41908,43040
Calhoun,41022,42062,43368
Carroll,42884,44532,45342
Cass,39344,40889,41954
Champaign,43514,44597,45967
Christian,39866,42121,42576
Clark,39746,41716,42593
Clay,38951,40781,40308
Clinton,44800,46181,47653
Coles,39363,40679,41751
Cook,59443,63436,65306
Crawford,44542,45978,47935
Cumberland,71334,78504,83954
DeKalb,39484,40830,42120
De Witt,45201,47348,47023
Douglas,48556,51189,51859
DuPage,69386,72823,75137
Edgar,40432,41809,42665
Edwards,39303,40708,40991
Effingham,48170,49747,51296
Fayette,34099,35676,36310
Ford,47279,49447,50606
Franklin,36055,37463,38289
Fulton,36560,38025,38465
Gallatin,39669,40722,42451
Greene,34422,36366,36652
Grundy,49251,53947,55741
Hamilton,41112,42976,43609
Hancock,42119,44687,45052
Hardin,37639,36745,37438
Henderson,40628,42803,42414
Henry,44108,45614,46700
Iroquois,41534,44104,44994
Jackson,35718,36869,37967
Jasper,42127,42590,41811
Jefferson,38209,39471,40516
Jersey,39733,42068,42836
Jo Daviess,46083,47702,48743
Johnson,34988,35884,36717
Kane,49038,50542,52163
Kankakee,39672,41387,42687
Kendall,46881,48374,49931
Knox,37957,39748,40363
Lake,74555,78626,80973
LaSalle,43016,44739,46013
Lawrence,28615,30891,30877
Lee,40024,41700,42776
Livingston,42671,45315,45090
Logan,35692,37375,37660
McDonough,37337,38551,38550
McHenry,53242,54882,56711
McLean,47438,49236,49602
Macon,45767,48206,48764
Macoupin,39443,41342,42341
Madison,44715,46698,48222
Marion,40378,41792,42895
Marshall,43805,46244,45901
Mason,39098,41437,41137
Massac,36449,37465,38926
Menard,44522,46249,47012
Mercer,45237,46992,47701
Monroe,55502,57267,59125
Montgomery,34500,35850,36324
Morgan,38841,39774,40560
Moultrie,57522,63623,64409
Ogle,44838,46674,47369
Peoria,48357,50216,51089
Perry,35647,37089,38179
Piatt,52563,54735,54940
Pike,39357,41528,41957
Pope,28245,29191,29510
Pulaski,36528,36580,37936
Putnam,55918,58994,61363
Randolph,35291,36344,37988
Richland,39974,41433,42275
Rock Island,43508,44438,45711
St. Clair,43056,44618,46116
Saline,38373,39597,40891
Sangamon,46503,48062,49445
Schuyler,40564,42801,44586
Scott,38728,42897,41942
Shelby,37903,40483,40517
Stark,42429,44534,42563
Stephenson,40774,42375,42980
Tazewell,45060,47765,48515
Union,40600,42341,43491
Vermilion,37812,39177,40109
Wabash,41863,42546,43098
Warren,39135,41574,41270
Washington,45100,47898,48740
Wayne,36495,38435,39592
White,46921,49541,50560
Whiteside,42517,43581,44916
Will,50653,52232,53895
Williamson,42802,44412,45878
Winnebago,41820,43468,44234
Woodford,49689,52723,53163
,,,
Indiana,45244,47321,48678
Adams,37971,39753,40584
Allen,44356,46588,47602
Bartholomew,48154,51234,52546
Benton,39140,41444,42135
Blackford,36182,37721,38813
Boone,70455,74413,76241
Brown,45062,47146,48862
Carroll,40835,43129,43432
Cass,37536,39095,40693
Clark,42173,43712,45270
Clay,37172,37814,39004
Clinton,37042,39328,39905
Crawford,32659,33573,35054
Daviess,41052,42975,43998
Dearborn,45327,47818,49949
Decatur,41076,42721,44168
DeKalb,42369,43984,45324
Delaware,35842,36942,38129
Dubois,54297,56088,57217
Elkhart,45343,46354,46975
Fayette,38967,40663,41993
Floyd,53184,55378,57145
Fountain,38670,40413,41412
Franklin,44911,46182,47664
Fulton,40394,42377,43775
Gibson,42680,44802,46049
Grant,38364,40471,41491
Greene,38050,39433,41747
Hamilton,72005,75653,77263
Hancock,48608,50794,52134
Harrison,40565,41943,43431
Hendricks,47779,49584,50979
Henry,36958,38427,39863
Howard,40069,42140,42911
Huntington,40050,41914,42824
Jackson,40501,42933,44192
Jasper,42058,44051,45777
Jay,37891,39616,39317
Jefferson,40400,42445,44102
Jennings,37653,39471,41169
Johnson,46617,48567,50018
Knox,42930,44728,45882
Kosciusko,45539,47541,48425
Lagrange,40994,42921,43275
Lake,43094,45230,46736
LaPorte,40731,42363,43910
Lawrence,39102,40830,42538
Madison,36732,38217,39428
Marion,50211,52815,54405
Marshall,40261,41704,42196
Martin,36864,38201,39207
Miami,33947,35101,35970
Monroe,40403,42170,43660
Montgomery,38485,39835,40979
Morgan,42247,43847,45352
Newton,37712,40147,41454
Noble,38364,39800,40799
Ohio,38593,39646,41339
Orange,37069,37908,38432
Owen,38340,39896,41632
Parke,34989,35995,37570
Perry,36895,37760,38272
Pike,39116,40218,41827
Porter,50688,52943,54723
Posey,46396,48144,50407
Pulaski,41754,43844,45473
Putnam,36070,37237,38303
Randolph,37115,38071,39222
Ripley,40241,41852,43282
Rush,44108,45696,47445
St. Joseph,45904,47801,48535
Scott,36208,37464,38948
Shelby,41971,43516,44799
Spencer,42226,43836,46393
Starke,33878,34989,35648
Steuben,41269,43443,44854
Sullivan,34202,35726,36863
Switzerland,29165,31144,32174
Tippecanoe,37018,38994,39525
Tipton,44276,46665,47392
Union,37158,39548,40659
Vanderburgh,44038,45548,47233
Vermillion,37115,37433,38633
Vigo,37386,38187,39432
Wabash,40699,42536,43955
Warren,41501,44494,45202
Warrick,54359,56561,58539
Washington,36517,38743,39759
Wayne,39727,41469,42857
Wells,40514,42197,42857
White,40705,43508,44008
Whitley,42942,45268,46555
,,,
Iowa,47662,50175,51865
Adair,49169,52817,55251
Adams,60079,61015,66683
Allamakee,44833,46819,49945
Appanoose,37559,38598,40000
Audubon,47043,52532,58359
Benton,51600,53354,55520
Black Hawk,42447,45355,46326
Boone,45668,47952,49794
Bremer,47241,49512,50810
Buchanan,45814,48853,50823
Buena Vista,43212,47516,48394
Butler,44117,47199,49509
Calhoun,46453,50342,54273
Carroll,51910,55934,58482
Cass,45327,48117,50153
Cedar,51493,54466,56419
Cerro Gordo,50006,52147,54253
Cherokee,56364,61975,65727
Chickasaw,54777,59156,62483
Clarke,39565,42122,42031
Clay,47630,51957,54270
Clayton,48002,49371,51982
Clinton,42508,44486,46466
Crawford,39857,42192,45817
Dallas,64283,67453,68246
Davis,35833,39244,40289
Decatur,32933,35143,36494
Delaware,49311,52048,54823
Des Moines,48314,49534,50725
Dickinson,57041,60350,62364
Dubuque,46620,50120,51525
Emmet,41433,45979,48926
Fayette,42111,45061,46621
Floyd,45244,47557,50203
Franklin,46218,49651,53241
Fremont,44168,44615,50441
Greene,46187,49314,53039
Grundy,50068,52659,55017
Guthrie,49597,53231,54843
Hamilton,50060,55807,58399
Hancock,51322,54845,57702
Hardin,47562,50499,52844
Harrison,43166,45533,49085
Henry,41249,43652,44932
Howard,45838,50151,53184
Humboldt,47352,50020,52742
Ida,49172,52687,56128
Iowa,52105,54451,56382
Jackson,43383,44778,47052
Jasper,41039,42431,43987
Jefferson,38622,40548,41936
Johnson,50702,54102,54917
Jones,42718,44066,45927
Keokuk,43211,45664,48084
Kossuth,50322,53647,56902
Lee,39797,41784,43430
Linn,50601,52887,53533
Louisa,40323,43311,46211
Lucas,39649,41677,43061
Lyon,57584,62417,66756
Madison,47285,49362,50460
Mahaska,40324,44545,46516
Marion,45910,48738,50862
Marshall,40863,42803,44589
Mills,51060,55225,57897
Mitchell,57032,64263,69700
Monona,44424,45986,50103
Monroe,40563,43520,46356
Montgomery,39143,42062,44918
Muscatine,45434,46917,48563
'O''Brien',53663,57630,61246
Osceola,51606,56668,61277
Page,40038,41713,44442
Palo Alto,50990,55523,58989
Plymouth,53482,57357,60040
Pocahontas,48466,56505,61992
Polk,51348,52770,53859
Pottawattamie,42750,45077,47150
Poweshiek,43497,46133,47199
Ringgold,43519,46627,50405
Sac,52513,56496,59085
Scott,52227,54167,55758
Shelby,49916,52869,56323
Sioux,52058,56477,58585
Story,40208,42652,43643
Tama,43494,46137,48923
Taylor,40452,41911,45093
Union,38441,40982,42530
Van Buren,38721,41272,42908
Wapello,37548,38754,40344
Warren,49151,50495,51776
Washington,54532,59590,62145
Wayne,39741,42989,44614
Webster,43551,45932,48588
Winnebago,41146,43730,45793
Winneshiek,46617,49399,51904
Woodbury,41680,43526,45132
Worth,40726,41474,44675
Wright,49017,54438,55258
,,,
Kansas,48883,51261,53426
Allen,37513,39762,43163
Anderson,37679,38609,42046
Atchison,36488,38083,40335
Barber,39730,43843,48489
Barton,45205,46210,49460
Bourbon,40950,45087,46149
Brown,42047,45750,47930
Butler,43770,46109,48216
Chase,45897,52086,53882
Chautauqua,38367,40668,43327
Cherokee,37352,40941,42872
Cheyenne,41255,47393,54890
Clark,55513,60746,64457
Clay,40130,42603,46888
Cloud,35544,38732,41892
Coffey,48860,53008,55119
Comanche,37642,43660,46878
Cowley,36499,37968,40042
Crawford,36446,38253,39788
Decatur,42156,43544,50635
Dickinson,38991,41247,44101
Doniphan,38189,39378,44486
Douglas,41866,43939,45163
Edwards,53700,56221,62707
Elk,36846,39323,41529
Ellis,43455,45980,47758
Ellsworth,40558,44043,48380
Finney,41456,44357,46823
Ford,37462,39219,41373
Franklin,40722,42671,44472
Geary,46935,49004,51410
Gove,55758,58545,66403
Graham,44923,49676,56940
Grant,43050,48845,54892
Gray,64148,67148,75961
Greeley,72271,76059,98916
Greenwood,40047,41446,44689
Hamilton,49725,56042,69339
Harper,43487,47514,54894
Harvey,39767,42185,44416
Haskell,65051,64299,77955
Hodgeman,52037,57731,65688
Jackson,39821,41728,43447
Jefferson,42702,44670,46234
Jewell,44348,50595,57690
Johnson,70956,74467,76206
Kearny,49005,51236,59187
Kingman,41172,43615,48512
Kiowa,40921,42873,47726
Labette,40474,42426,44760
Lane,66295,72131,85007
Leavenworth,41229,42625,44075
Lincoln,37541,42741,48445
Linn,36878,38465,41013
Logan,43399,46559,53800
Lyon,36809,38525,39962
McPherson,47035,51688,56617
Marion,39237,42032,45681
Marshall,41439,43857,46580
Meade,53743,58221,66270
Miami,46594,48482,50210
Mitchell,49356,57285,62780
Montgomery,35249,37326,39041
Morris,41324,44719,46409
Morton,40827,44634,53296
Nemaha,50792,52600,53211
Neosho,37172,39139,41324
Ness,45899,51195,58901
Norton,42188,42287,47838
Osage,39138,41816,43460
Osborne,39910,48241,52889
Ottawa,39702,41831,45417
Pawnee,39014,40364,46226
Phillips,48220,50870,56113
Pottawatomie,50972,52828,55271
Pratt,44724,47842,53891
Rawlins,47211,51454,62147
Reno,39138,40109,42115
Republic,42606,44153,50019
Rice,41262,43323,47243
Riley,40752,41026,42528
Rooks,36200,40292,44398
Rush,41283,47027,52199
Russell,42449,44633,47049
Saline,47582,49366,50820
Scott,62849,63771,74223
Sedgwick,50424,52010,53577
Seward,36752,38719,41567
Shawnee,44493,46957,47991
Sheridan,48733,46140,62156
Sherman,41580,44450,46588
Smith,40859,45541,53381
Stafford,44379,47655,55629
Stanton,60183,62021,75841
Stevens,39531,42270,49540
Sumner,36933,38888,42524
Thomas,43879,47904,52540
Trego,43968,48675,53593
Wabaunsee,48735,50610,52706
Wallace,43735,53187,64805
Washington,41791,45872,52141
Wichita,68609,72465,86215
Wilson,41636,41871,44521
Woodson,34749,37911,42276
Wyandotte,32119,33407,34518
,,,
Kentucky,40904,42338,43770
Adair,30396,31481,32549
Allen,32114,32308,32881
Anderson,38165,39241,40581
Ballard,37115,36851,38711
Barren,35481,36302,37337
Bath,29842,30366,31327
Bell,28563,29801,30649
Boone,45705,47823,49778
Bourbon,47997,49066,51505
Boyd,37362,39503,40453
Boyle,36508,37747,38958
Bracken,35468,37039,38692
Breathitt,32708,33410,34232
Breckinridge,33293,33475,34418
Bullitt,39464,41143,42799
Butler,33450,34141,35121
Caldwell,33009,33458,35437
Calloway,34088,35107,35878
Campbell,46659,48546,50398
Carlisle,41001,39874,42991
Carroll,34170,36056,37806
Carter,30005,30645,31713
Casey,30082,30787,31688
Christian,37566,37944,39504
Clark,38661,39054,40413
Clay,29891,30532,31200
Clinton,30386,31444,31601
Crittenden,33497,34657,36354
Cumberland,33054,34369,36467
Daviess,40368,41517,42372
Edmonson,32088,32725,34037
Elliott,21782,22294,22828
Estill,30915,31956,32928
Fayette,47857,50106,51707
Fleming,32946,33913,34732
Floyd,35569,36099,37133
Franklin,40616,41934,43271
Fulton,33209,33357,35240
Gallatin,31393,32579,33697
Garrard,33547,34365,35251
Grant,34704,35649,37083
Graves,36835,37727,38485
Grayson,32394,33187,34450
Green,34161,34247,34997
Greenup,38704,41411,42516
Hancock,35138,37352,38722
Hardin,41980,42646,44244
Harlan,29664,30898,31824
Harrison,34029,34970,36545
Hart,31212,32818,33648
Henderson,38580,39474,41279
Henry,36716,37745,39175
Hickman,42185,43107,42635
Hopkins,38932,38811,40317
Jackson,27953,28818,29848
Jefferson,49726,52405,54155
Jessamine,43664,44841,46250
Johnson,31883,32967,34356
Kenton,55029,56491,58349
Knott,29111,30403,31929
Knox,28654,29195,30105
Larue,35396,36539,38316
Laurel,32960,33763,34289
Lawrence,30323,31614,33213
Lee,30870,29636,29162
Leslie,31547,32536,34079
Letcher,29392,30541,31871
Lewis,29977,31003,32147
Lincoln,30967,31667,32881
Livingston,36178,36714,38515
Logan,34583,35335,36834
Lyon,34132,35804,37276
McCracken,46391,47034,49087
McCreary,25035,25857,26600
McLean,39729,39770,39163
Madison,34574,35271,36331
Magoffin,29717,31262,32995
Marion,35000,36089,37340
Marshall,39363,40532,42342
Martin,29100,29447,29905
Mason,39037,39749,41350
Meade,38572,39348,40942
Menifee,29510,30253,31681
Mercer,36217,36784,37806
Metcalfe,30067,30880,31848
Monroe,36017,36614,36837
Montgomery,34007,34573,35915
Morgan,26435,26854,27978
Muhlenberg,33532,33511,35138
Nelson,40746,42184,43809
Nicholas,33932,33848,34856
Ohio,32293,32833,33313
Oldham,59734,63982,66238
Owen,32575,33136,33365
Owsley,30783,31322,32461
Pendleton,44143,43466,45039
Perry,36739,37737,39308
Pike,35155,36448,37490
Powell,31131,31629,32532
Pulaski,35459,36919,38492
Robertson,32462,32903,34196
Rockcastle,30428,31079,32294
Rowan,29634,30813,31566
Russell,33145,36193,37346
Scott,42019,42887,44335
Shelby,43906,45173,46657
Simpson,37413,37755,39235
Spencer,42162,43573,45208
Taylor,33894,34428,35546
Todd,37263,36698,38112
Trigg,36348,36120,37633
Trimble,35821,37856,39400
Union,33233,34185,36348
Warren,36803,37337,38268
Washington,36730,37314,38210
Wayne,27676,28633,28935
Webster,39176,39046,39965
Whitley,32491,33654,34663
Wolfe,30407,30967,31658
Woodford,50657,51443,53292
,,,
Louisiana,43932,46207,47460
Acadia,35161,37060,37786
Allen,31584,33501,34644
Ascension,47863,49403,50671
Assumption,43542,46833,47947
Avoyelles,35933,37864,39001
Beauregard,41134,42318,43473
Bienville,35726,38430,39111
Bossier,41722,43950,45110
Caddo,45544,49242,50690
Calcasieu,46175,48570,49664
Caldwell,32350,33790,35353
Cameron,46624,47875,49000
Catahoula,31790,33047,35037
Claiborne,32926,34084,34954
Concordia,31680,32606,34110
De Soto,38668,41300,42298
East Baton Rouge,48806,51621,53002
East Carroll,34943,35274,36035
East Feliciana,39391,41089,42353
Evangeline,32118,33074,33474
Franklin,31160,31968,33250
Grant,30593,30987,31890
Iberia,37321,39148,40403
Iberville,39328,40943,42418
Jackson,32857,33871,34843
Jefferson,48737,50895,52274
Jefferson Davis,39716,41591,42519
Lafayette,47603,48707,49629
Lafourche,44034,44316,45806
LaSalle,29772,31898,33992
Lincoln,38646,40108,40541
Livingston,39328,41147,42217
Madison,31399,31945,33275
Morehouse,37003,37884,39521
Natchitoches,37829,40175,41846
Orleans,49857,52516,53923
Ouachita,39136,41341,42398
Plaquemines,47090,47895,49507
Pointe Coupee,43209,45710,47083
Rapides,42805,45085,46614
Red River,39070,44810,44440
Richland,35628,37565,39080
Sabine,33583,35591,36025
St. Bernard,31433,32454,33556
St. Charles,47371,48436,49660
St. Helena,39867,41786,43338
St. James,45916,50953,52567
St. John the Baptist,38941,40036,41368
St. Landry,38987,40598,41922
St. Martin,35693,38034,39053
St. Mary,37318,39580,40746
St. Tammany,58810,64548,65938
Tangipahoa,36810,37713,38800
Tensas,38482,39132,41323
Terrebonne,39511,41058,42267
Union,37802,40469,40441
Vermilion,37091,39241,40237
Vernon,39286,41452,42755
Washington,32105,33348,34744
Webster,37998,39624,40860
West Baton Rouge,45694,46991,48144
West Carroll,33156,35267,33073
West Feliciana,36422,38036,38926
Winn,34374,36254,37988
,,,
Maine,46565,48792,50634
Androscoggin,39734,41375,42968
Aroostook,39927,41576,43189
Cumberland,59349,62794,64948
Franklin,36868,38690,40189
Hancock,48715,50655,52294
Kennebec,42985,44804,46958
Knox,49624,50340,51959
Lincoln,48636,50215,51687
Oxford,36222,37879,39240
Penobscot,39791,41615,43136
Piscataquis,36568,38629,39614
Sagadahoc,48630,50787,52736
Somerset,36702,37752,39282
Waldo,38841,41427,43793
Washington,38551,39854,41094
York,49672,52186,54225
,,,
Maryland,60758,62708,64640
Allegany,38990,39985,41454
Anne Arundel,64723,67078,69035
Baltimore,58887,61139,62976
Calvert,60067,61949,63976
Caroline,44791,45687,46883
Carroll,60587,62200,64288
Cecil,45956,47796,49749
Charles,54932,56119,57774
Dorchester,44712,45935,47699
Frederick,59713,62307,64147
Garrett,43735,45769,47735
Harford,56589,58440,60266
Howard,75293,77039,79253
Kent,58905,61202,63141
Montgomery,85988,87654,90139
'Prince George''s',47347,49105,50625
'Queen Anne''s',62689,64502,66733
'St. Mary''s',54546,56815,58582
Somerset,31313,31486,31668
Talbot,70023,72554,74711
Washington,45242,46971,48650
Wicomico,41287,41626,42547
Worcester,58475,59025,60222
Baltimore City,49083,51577,53378
,,,
Massachusetts,68442,71801,74187
Barnstable,71080,74714,77435
Berkshire,54396,56651,58299
Bristol,51780,53853,55718
Dukes,89602,97659,100996
Essex,64629,67646,69981
Franklin,52821,54817,56793
Hampden,49631,51736,53248
Hampshire,51065,52910,54867
Middlesex,79970,84367,87192
Nantucket,119211,132886,136204
Norfolk,87928,92248,95221
Plymouth,64417,67270,69669
Suffolk,76782,81300,83490
Worcester,54599,56507,58563
,,,
Michigan,45948,47777,49228
Alcona,36730,38702,41049
Alger,31953,33442,34233
Allegan,42466,44686,45937
Alpena,39529,40278,41783
Antrim,44559,46225,47855
Arenac,36047,37780,39009
Baraga,31504,32448,34044
Barry,42710,44408,45804
Bay,40130,42367,43657
Benzie,41268,42795,44283
Berrien,45376,47461,48237
Branch,35214,36437,37202
Calhoun,38408,39160,40257
Cass,42932,44675,45409
Charlevoix,49398,52284,53136
Cheboygan,37777,38838,40405
Chippewa,32436,33733,35034
Clare,32902,33846,34637
Clinton,44185,45797,47411
Crawford,32337,34290,35407
Delta,38313,39680,41210
Dickinson,46271,48520,49179
Eaton,40659,42089,43365
Emmet,53960,56242,58528
Genesee,39198,40618,41929
Gladwin,35432,36519,37512
Gogebic,37204,39790,44113
Grand Traverse,48085,49987,51619
Gratiot,35631,36816,38274
Hillsdale,34043,35221,36033
Houghton,35594,37519,39124
Huron,44192,45505,47909
Ingham,38630,40109,41286
Ionia,32969,34751,35518
Iosco,35945,37429,39832
Iron,42733,43968,45463
Isabella,33433,34740,36356
Jackson,37821,39173,40387
Kalamazoo,46373,48279,49493
Kalkaska,33272,34500,35387
Kent,50698,52313,53664
Keweenaw,45194,46997,47963
Lake,30009,31925,33368
Lapeer,41620,43292,44706
Leelanau,62660,66260,68281
Lenawee,37773,39529,40932
Livingston,55541,57180,58879
Luce,29960,31063,32174
Mackinac,41819,43414,45138
Macomb,44439,46079,47487
Manistee,36631,38151,39389
Marquette,38166,39683,40772
Mason,39076,40308,41488
Mecosta,32444,33244,34090
Menominee,41104,42717,44114
Midland,57548,54371,55972
Missaukee,34084,34565,36922
Monroe,45252,46881,48581
Montcalm,33218,34261,35537
Montmorency,35379,36747,38079
Muskegon,36971,38289,39637
Newaygo,36698,36954,38429
Oakland,68745,71347,73271
Oceana,35909,37398,38856
Ogemaw,33141,35038,34770
Ontonagon,37900,39348,41363
Osceola,34038,35793,37636
Oscoda,32283,33390,34549
Otsego,38551,40310,41925
Ottawa,46685,48142,49345
Presque Isle,37597,39913,41560
Roscommon,35173,36681,37507
Saginaw,37203,39521,40533
St. Clair,42252,44056,45662
St. Joseph,37351,38099,38936
Sanilac,36453,37775,38917
Schoolcraft,38045,39657,41073
Shiawassee,37578,39107,40535
Tuscola,35885,37061,38676
Van Buren,39347,40656,41773
Washtenaw,56312,58823,60843
Wayne,40858,43088,44512
Wexford,34759,35727,37240
,,,
Minnesota,54960,57371,58834
Aitkin,37960,40077,41327
Anoka,49338,51069,52250
Becker,45876,47163,49190
Beltrami,39541,41237,42212
Benton,42669,44080,45458
Big Stone,52682,53692,55491
Blue Earth,42949,45255,46793
Brown,51339,53990,55904
Carlton,41181,42791,44391
Carver,68395,71268,72852
Cass,45617,46935,47981
Chippewa,47246,48600,51230
Chisago,46915,48662,50093
Clay,41291,42747,44023
Clearwater,41270,43879,44765
Cook,52194,53705,54964
Cottonwood,46073,48624,51543
Crow Wing,43598,44641,45685
Dakota,58202,60483,61914
Dodge,44314,46561,47665
Douglas,51127,52068,52691
Faribault,41389,42897,46941
Fillmore,44147,45269,47061
Freeborn,43780,45410,47356
Goodhue,51749,53871,55816
Grant,47512,47917,50366
Hennepin,71141,75113,76552
Houston,49508,51638,53446
Hubbard,41990,43732,45257
Isanti,42346,44497,45781
Itasca,41447,44449,46020
Jackson,51284,53289,57933
Kanabec,41006,41799,43416
Kandiyohi,52856,53338,54111
Kittson,50337,51430,50628
Koochiching,39176,42093,45054
Lac qui Parle,50445,51489,56527
Lake,46190,48302,49743
Lake of the Woods,55710,56575,57121
Le Sueur,47099,49117,50728
Lincoln,46952,46288,52251
Lyon,49703,51060,54108
McLeod,46452,48890,50380
Mahnomen,33832,35472,36427
Marshall,49164,51745,51545
Martin,49744,53238,57091
Meeker,43061,44686,46073
Mille Lacs,40201,41788,43058
Morrison,41155,42497,43703
Mower,45488,46432,47445
Murray,50027,52875,59183
Nicollet,47690,49290,51036
Nobles,44246,45533,49217
Norman,37528,39177,41584
Olmsted,55443,58233,59176
Otter Tail,46621,47871,49277
Pennington,52069,56401,57337
Pine,35718,36729,37971
Pipestone,54600,56301,61830
Polk,45136,46925,48513
Pope,49275,51198,52217
Ramsey,52464,54366,55583
Red Lake,47831,50479,50221
Redwood,48394,52019,54719
Renville,49918,51875,53855
Rice,42269,43706,45092
Rock,51604,53658,57617
Roseau,45917,49636,49328
St. Louis,44832,47058,48718
Scott,57440,60759,62164
Sherburne,45417,46660,47712
Sibley,45864,47316,49408
Stearns,45215,46789,47938
Steele,45398,46695,48580
Stevens,47075,47182,50696
Swift,49477,50906,52813
Todd,40722,42409,43979
Traverse,56439,57066,60535
Wabasha,46638,48370,50042
Wadena,38475,39802,40756
Waseca,43063,42587,44262
Washington,65049,67171,68525
Watonwan,43194,44878,48684
Wilkin,53545,55170,57087
Winona,47168,48070,49412
Wright,48370,50480,51609
Yellow Medicine,50790,53504,57881
,,,
Mississippi,36536,37852,38914
Adams,32213,34191,35563
Alcorn,34283,36147,36592
Amite,33223,34715,35151
Attala,32755,33071,34583
Benton,29301,30432,31411
Bolivar,37513,39061,39179
Calhoun,30815,32064,33450
Carroll,36887,38021,38497
Chickasaw,35350,35708,36994
Choctaw,31943,33117,34999
Claiborne,29909,30530,31501
Clarke,35668,37269,38735
Clay,35810,37201,39449
Coahoma,34385,35607,37070
Copiah,32077,32907,33932
Covington,35793,37165,36985
DeSoto,39221,41058,42007
Forrest,37299,38541,39450
Franklin,32842,33569,35353
George,31337,33060,33595
Greene,27519,27480,28617
Grenada,34567,35798,37067
Hancock,34153,35617,36533
Harrison,36208,37129,38140
Hinds,37558,38986,40279
Holmes,27661,28571,29976
Humphreys,32488,32755,34941
Issaquena,21353,24379,27430
Itawamba,33527,35085,36375
Jackson,36437,37311,38269
Jasper,37659,39528,39699
Jefferson,32035,34180,34860
Jefferson Davis,29780,30018,30429
Jones,36927,37786,38740
Kemper,27405,28927,30021
Lafayette,40518,42905,43820
Lamar,38868,39505,40207
Lauderdale,36598,37700,39359
Lawrence,33157,34651,34308
Leake,31354,32293,31441
Lee,40337,41302,42635
Leflore,36390,37692,38974
Lincoln,37274,38505,39441
Lowndes,37079,38786,40717
Madison,61692,64191,65746
Marion,32835,37605,38701
Marshall,31107,32876,34165
Monroe,33378,34865,36295
Montgomery,33397,34167,35910
Neshoba,35474,36244,36785
Newton,33832,34744,35563
Noxubee,31668,31885,34204
Oktibbeha,32726,34575,35457
Panola,31793,32948,33528
Pearl River,34733,36063,37178
Perry,31106,32329,33188
Pike,29994,30675,31536
Pontotoc,31733,32835,33932
Prentiss,29974,30305,31314
Quitman,27411,29250,30185
Rankin,43134,44170,45237
Scott,30789,31649,31585
Sharkey,34317,34090,34830
Simpson,35155,36439,36587
Smith,34204,35751,35445
Stone,30427,32685,33369
Sunflower,30184,30937,31846
Tallahatchie,29334,29877,30451
Tate,34011,35593,36836
Tippah,32618,33692,35061
Tishomingo,31703,33771,34871
Tunica,32097,32674,34325
Union,31115,31969,33027
Walthall,31499,31693,31910
Warren,38180,39727,41102
Washington,36118,37622,38942
Wayne,33798,34905,34961
Webster,37322,37744,39794
Wilkinson,28275,29212,30723
Winston,34238,35192,36414
Yalobusha,35393,37043,38478
Yazoo,27026,27089,27666
,,,
Missouri,45342,47109,48656
Adair,31689,32398,33351
Andrew,43416,43385,45594
Atchison,43705,39897,48160
Audrain,38270,37106,39118
Barry,33536,35085,35003
Barton,35151,34849,36035
Bates,37618,37782,40325
Benton,35229,37148,38536
Bollinger,31239,32269,33632
Boone,45796,46557,48525
Buchanan,38200,38780,40156
Butler,35266,35764,36606
Caldwell,36238,37191,38939
Callaway,36809,37255,39111
Camden,36764,37108,38352
Cape Girardeau,43895,45113,46754
Carroll,45104,43530,49468
Carter,31285,31658,33370
Cass,45204,46323,47907
Cedar,30213,30777,31208
Chariton,42700,42640,46156
Christian,38732,40251,41516
Clark,35994,34114,36842
Clay,46481,47574,48920
Clinton,40924,41513,43200
Cole,45671,46171,48273
Cooper,37660,38591,40212
Crawford,34351,35137,36242
Dade,32869,34000,35409
Dallas,32001,33023,34214
Daviess,32354,32784,35453
DeKalb,27215,28280,29649
Dent,32027,32810,34112
Douglas,26839,27484,29191
Dunklin,33665,35386,37291
Franklin,43030,44059,45672
Gasconade,38967,39238,40932
Gentry,40256,41309,44599
Greene,42809,44014,45476
Grundy,34678,34680,36146
Harrison,35031,35552,38154
Henry,41228,41203,42741
Hickory,27847,28569,29033
Holt,47524,45178,53880
Howard,38655,39047,41534
Howell,32674,33881,35261
Iron,32707,33710,34554
Jackson,44910,46449,47819
Jasper,38781,41171,42348
Jefferson,40583,41867,43259
Johnson,35522,36478,37615
Knox,33026,33150,37092
Laclede,35174,36235,37228
Lafayette,40775,41539,42819
Lawrence,33375,34105,34465
Lewis,33515,34632,37197
Lincoln,39052,39927,41082
Linn,38179,38936,40419
Livingston,37655,37974,39305
McDonald,28196,28560,28931
Macon,41614,41565,43173
Madison,35173,35853,37430
Maries,32011,32462,34965
Marion,39137,40290,41677
Mercer,32111,31985,34283
Miller,33857,35173,36501
Mississippi,31030,30667,33213
Moniteau,34935,35481,36675
Monroe,39642,39314,42136
Montgomery,39090,39505,41354
Morgan,39913,40800,40924
New Madrid,34053,34708,38281
Newton,37786,38557,39495
Nodaway,30307,31395,33466
Oregon,28357,29565,30778
Osage,43529,44119,46222
Ozark,29122,30650,31526
Pemiscot,33269,35252,37487
Perry,40120,41070,42182
Pettis,36728,37312,38545
Phelps,37677,39078,40208
Pike,33052,33296,35410
Platte,56638,57472,59095
Polk,32938,34119,35193
Pulaski,39614,40289,41734
Putnam,33982,35308,37336
Ralls,38038,38414,40447
Randolph,38662,39377,40856
Ray,41272,41805,43569
Reynolds,32850,33825,35467
Ripley,30338,30525,31522
St. Charles,50758,52735,54472
St. Clair,28848,29159,30578
Ste. Genevieve,38202,41013,41802
St. Francois,32741,33940,34886
St. Louis,66207,71086,73016
Saline,37880,36998,39037
Schuyler,29572,29851,30715
Scotland,33270,33263,36001
Scott,39199,40193,41626
Shannon,28759,30072,31184
Shelby,39058,38627,41446
Stoddard,37039,35848,37365
Stone,37117,37987,39225
Sullivan,37553,37978,41690
Taney,34631,35548,36794
Texas,27531,28316,29618
Vernon,34881,34653,35742
Warren,39488,41359,42648
Washington,28377,29368,30490
Wayne,29141,29301,30930
Webster,31333,32238,33387
Worth,34614,35372,40013
Wright,31215,32311,33243
St. Louis City,44500,46832,48202
,,,
Montana,46199,48194,49747
Beaverhead,43052,46351,48424
Big Horn,29018,30504,31887
Blaine,30109,30967,33560
Broadwater,40459,43128,45211
Carbon,47685,50443,52371
Carter,40917,42872,41642
Cascade,46031,47889,49803
Chouteau,31221,39794,41312
Custer,43361,44945,47268
Daniels,49146,48073,48385
Dawson,43581,47275,47273
Deer Lodge,38416,39741,41454
Fallon,47901,49124,50824
Fergus,40380,42822,46646
Flathead,46485,48000,48866
Gallatin,53440,56471,58195
Garfield,32243,35099,33995
Glacier,32682,34731,36484
Golden Valley,47845,50748,52862
Granite,42110,43600,44717
Hill,42939,46248,47082
Jefferson,47320,47996,49780
Judith Basin,42771,47554,50997
Lake,38268,39544,40754
Lewis and Clark,47988,49039,50600
Liberty,34244,41959,47675
Lincoln,34450,35903,37155
McCone,39292,38808,39913
Madison,48399,50932,53567
Meagher,41715,44522,46461
Mineral,38537,39453,40547
Missoula,48144,49798,51090
Musselshell,41720,44346,45902
Park,47093,49291,51538
Petroleum,32410,33621,37070
Phillips,37589,40725,42055
Pondera,40190,44466,47477
Powder River,33407,33901,35063
Powell,40423,42374,44111
Prairie,47703,50383,49750
Ravalli,43701,45456,46768
Richland,57498,61264,64486
Roosevelt,35203,36304,36067
Rosebud,42645,44185,45929
Sanders,34385,35387,36296
Sheridan,46857,47562,49659
Silver Bow,47838,48254,49285
Stillwater,50656,52483,53913
Sweet Grass,44362,46524,48591
Teton,41035,47612,49840
Toole,42598,50241,56222
Treasure,45352,55817,61553
Valley,46526,46502,47831
Wheatland,34528,36351,40015
Wibaux,39840,39103,42078
Yellowstone,50659,52641,54069
,,,
Nebraska,50645,52890,54515
Adams,46288,48524,50399
Antelope,47809,50695,54945
Arthur,46369,45972,48955
Banner,53390,52926,55695
Blaine,55752,57185,60120
Boone,49566,53091,58042
Box Butte,46140,48906,50518
Boyd,49260,52559,57949
Brown,51593,53938,57563
Buffalo,51638,56293,57453
Burt,44706,47155,50943
Butler,45082,47564,50050
Cass,48961,51306,53422
Cedar,45598,49420,50992
Chase,55001,54708,61516
Cherry,44329,44572,46632
Cheyenne,48931,49704,49384
Clay,47783,49475,51362
Colfax,40489,42736,44785
Cuming,62115,64187,67977
Custer,45524,47434,49091
Dakota,39789,42309,43872
Dawes,35911,37266,38564
Dawson,42080,43947,46256
Deuel,41700,44881,42899
Dixon,38624,41608,43920
Dodge,45161,46697,48123
Douglas,60086,62485,63853
Dundy,61404,68093,74921
Fillmore,54870,56927,59979
Franklin,44950,46801,49619
Frontier,38731,38413,38860
Furnas,42088,42912,46012
Gage,45177,47682,49057
Garden,44179,45043,48213
Garfield,39165,39138,41192
Gosper,43682,48313,50478
Grant,45169,45648,51082
Greeley,44018,45466,46979
Hall,42237,43822,45112
Hamilton,54900,54589,56372
Harlan,45101,50130,53210
Hayes,56529,65600,70008
Hitchcock,37471,37278,39690
Holt,52707,51585,54796
Hooker,45638,50762,51849
Howard,42662,43748,46471
Jefferson,46060,48209,50079
Johnson,32704,34222,36262
Kearney,53295,53379,56230
Keith,43824,47041,48533
Keya Paha,50020,50602,52917
Kimball,45272,45133,44484
Knox,45490,46175,47418
Lancaster,47400,49475,50743
Lincoln,46356,47761,49052
Logan,41970,52147,53451
Loup,52917,53545,52977
McPherson,46921,44802,47684
Madison,47190,49998,51785
Merrick,46666,44246,47637
Morrill,53358,55343,58632
Nance,36092,38249,40934
Nemaha,45642,46816,49201
Nuckolls,46794,49783,53144
Otoe,49318,53259,55284
Pawnee,40779,44127,45191
Perkins,55078,55422,65325
Phelps,49950,52274,54249
Pierce,53007,54264,56236
Platte,44710,46846,48102
Polk,49891,51780,53462
Red Willow,43496,45342,47027
Richardson,46183,48205,50988
Rock,50481,60390,62018
Saline,40503,42405,44351
Sarpy,48282,50650,52190
Saunders,49486,51753,53427
Scotts Bluff,43090,45125,45992
Seward,48550,50882,52487
Sheridan,45392,47126,48644
Sherman,40037,41112,42984
Sioux,48051,51081,52159
Stanton,40847,43753,45869
Thayer,51724,53633,56265
Thomas,48636,54188,55960
Thurston,35839,37052,39667
Valley,44541,47021,49708
Washington,53986,55819,57962
Wayne,41890,43443,44879
Webster,45749,48902,52857
Wheeler,61021,73358,82976
York,46580,49296,51573
,,,
Nevada,47650,50000,51161
Churchill,42834,44395,45219
Clark,45798,47759,48806
Douglas,71735,73694,75635
Elko,44951,46898,48584
Esmeralda,42794,39207,41641
Eureka,37769,38916,42932
Humboldt,45949,46550,49228
Lander,62055,65758,69293
Lincoln,36076,37083,39362
Lyon,37311,38361,39650
Mineral,37239,38341,41634
Nye,37011,38120,39431
Pershing,32625,32234,32859
Storey,53616,57953,59628
Washoe,57100,61934,63360
White Pine,42591,44862,46761
Carson City,48572,50797,52470
,,,
New Hampshire,58759,61471,63502
Belknap,58357,61242,63308
Carroll,57185,58523,60157
Cheshire,50149,51934,53141
Coos,42003,43227,44399
Grafton,58007,61800,63319
Hillsborough,58566,61111,63218
Merrimack,55603,57571,59593
Rockingham,70631,74258,76902
Strafford,48300,50661,52387
Sullivan,49884,52762,54115
,,,
New Jersey,64983,67845,70471
Atlantic,46796,48548,50631
Bergen,81676,86404,89456
Burlington,59432,61244,63605
Camden,51889,53740,55780
Cape May,58019,60264,62734
Cumberland,38807,39587,41237
Essex,64232,65214,67657
Gloucester,52496,54344,56499
Hudson,62353,66705,69406
Hunterdon,85032,88565,92291
Mercer,66045,69080,71790
Middlesex,58289,61012,63457
Monmouth,75916,79471,82551
Morris,93633,97819,101646
Ocean,49813,51353,53139
Passaic,48204,50071,52129
Salem,46715,48105,50203
Somerset,99189,105161,109916
Sussex,58798,61156,63784
Union,65130,68313,70865
Warren,53669,55448,57854
,,,
New Mexico,39747,41670,43326
Bernalillo,42282,43902,45431
Catron,32068,32858,32866
Chaves,38140,39477,41746
Cibola,27345,28168,29384
Colfax,40020,41143,42497
Curry,41762,42208,44914
De Baca,45969,48824,52191
Do√±a Ana,35153,36192,37756
Eddy,48074,54956,59661
Grant,38612,41216,42959
Guadalupe,32231,34313,35516
Harding,36396,41277,44883
Hidalgo,39759,42689,44716
Lea,40171,47230,49039
Lincoln,39963,41130,42900
Los Alamos,68278,71570,73821
Luna,30471,32257,33927
McKinley,26952,28036,29714
Mora,36111,38302,39987
Otero,33605,34905,35889
Quay,37532,39787,41569
Rio Arriba,33492,34739,36100
Roosevelt,39900,39934,43330
Sandoval,40079,41528,43125
San Juan,34006,35278,35999
San Miguel,33258,34827,36105
Santa Fe,55063,58696,60276
Sierra,37743,39547,42255
Socorro,33409,34494,35867
Taos,36730,38098,38810
Torrance,30326,31879,33446
Union,35799,36858,37763
Valencia,32406,33670,34964
,,,
New York,65814,68657,71717
Albany,59640,60637,63037
Allegany,34116,34784,36164
Bronx,36140,37459,39711
Broome,43055,44332,46361
Cattaraugus,39168,39796,41774
Cayuga,41286,42209,44520
Chautauqua,40199,40472,42355
Chemung,42869,44510,46421
Chenango,41015,42019,44146
Clinton,43136,43437,45112
Columbia,54184,55630,58123
Cortland,39735,40833,42252
Delaware,38216,39586,42220
Dutchess,54113,55911,58478
Erie,50032,51406,53498
Essex,44447,45917,48181
Franklin,37065,37390,39649
Fulton,42094,43430,45459
Genesee,42887,44080,46181
Greene,46101,46982,49100
Hamilton,52259,53781,55578
Herkimer,40536,41353,43479
Jefferson,45611,46800,49365
Kings,50268,53346,56080
Lewis,43526,44681,47471
Livingston,44310,45975,48268
Madison,43228,43779,45794
Monroe,51419,52943,55034
Montgomery,41267,41391,43272
Nassau,85663,89711,93241
New York,183568,190997,197847
Niagara,44192,45245,47207
Oneida,43506,44692,46867
Onondaga,51167,53398,55564
Ontario,52197,53303,55541
Orange,49964,51343,53656
Orleans,38301,39087,41050
Oswego,39326,40161,42025
Otsego,42289,43759,45774
Putnam,62987,66396,69365
Queens,47867,50279,53008
Rensselaer,47927,49274,51356
Richmond,54488,56171,58890
Rockland,58184,60568,63167
St. Lawrence,37054,37892,39697
Saratoga,65315,70127,72757
Schenectady,49329,49687,51697
Schoharie,39716,40989,43113
Schuyler,40988,41513,43262
Seneca,38190,38553,40534
Steuben,43554,45241,47212
Suffolk,65649,68868,71911
Sullivan,44437,46012,48753
Tioga,44275,44804,46969
Tompkins,43732,45120,46496
Ulster,48584,50590,53006
Warren,50796,52822,55181
Washington,39002,40148,42181
Wayne,44962,45828,47886
Westchester,103808,109324,113477
Wyoming,39604,40115,43176
Yates,38359,38788,40877
,,,
North Carolina,44409,46216,47766
Alamance,38508,39940,41193
Alexander,35789,36749,37622
Alleghany,35932,36962,38514
Anson,34547,35468,36307
Ashe,33543,34779,36426
Avery,34312,35565,36748
Beaufort,40610,41706,43743
Bertie,35639,35603,37424
Bladen,34809,34887,36312
Brunswick,41616,43250,44129
Buncombe,46297,48936,50690
Burke,33844,34919,36212
Cabarrus,43836,45202,46615
Caldwell,34210,35383,36609
Camden,43696,44997,46366
Carteret,47385,49435,51582
Caswell,33622,34534,36153
Catawba,43553,44948,46367
Chatham,60330,63134,64807
Cherokee,30963,32005,33402
Chowan,39072,40596,42314
Clay,32054,33154,34391
Cleveland,36155,37363,38644
Columbus,31363,32260,33743
Craven,42099,44259,46446
Cumberland,37430,38757,40233
Currituck,44016,46301,47767
Dare,53826,56006,57688
Davidson,38124,39508,40876
Davie,46423,47999,49508
Duplin,34417,33980,35208
Durham,48168,50131,51713
Edgecombe,34107,35371,36814
Forsyth,47390,47819,49247
Franklin,34563,35981,37089
Gaston,39977,40175,41506
Gates,36705,37187,38851
Graham,31620,33353,35040
Granville,36974,38189,39610
Greene,31510,31573,32904
Guilford,44664,46078,47546
Halifax,35101,36244,37854
Harnett,33352,34437,35484
Haywood,38957,40188,41798
Henderson,41613,43795,45342
Hertford,31372,31862,33251
Hoke,30040,31375,32574
Hyde,36654,37245,40044
Iredell,48267,50907,52423
Jackson,32151,33325,34860
Johnston,38559,40129,41327
Jones,40168,38580,42024
Lee,38717,40769,42021
Lenoir,39398,40372,41752
Lincoln,43721,45655,47178
McDowell,33163,34107,35227
Macon,39039,39583,40848
Madison,32538,34216,35729
Martin,33190,33952,35541
Mecklenburg,58750,61080,62890
Mitchell,34707,35718,36684
Montgomery,33902,35330,36181
Moore,49347,50870,51913
Nash,40595,42429,43971
New Hanover,43882,46627,48029
Northampton,33493,34305,36597
Onslow,44865,46377,47525
Orange,63820,63062,65185
Pamlico,41105,41268,43290
Pasquotank,37890,38881,40388
Pender,35564,37092,38338
Perquimans,39501,40030,41804
Person,36464,37629,39119
Pitt,39958,41841,43325
Polk,43120,44012,45459
Randolph,36046,37572,38892
Richmond,34203,34551,35630
Robeson,28333,29236,30423
Rockingham,36099,37184,38419
Rowan,36888,38712,40213
Rutherford,31555,32634,34021
Sampson,35171,34614,35871
Scotland,31846,32991,33938
Stanly,37797,38804,40157
Stokes,36034,37620,38835
Surry,37215,38273,39525
Swain,38139,38802,40819
Transylvania,39923,41295,42515
Tyrrell,31717,30337,32712
Union,49709,51802,53417
Vance,33552,33983,35278
Wake,56298,60447,62264
Warren,28657,29209,30377
Washington,34410,35541,37481
Watauga,35350,37016,38720
Wayne,37361,38425,39894
Wilkes,36323,36710,37313
Wilson,38918,39982,41339
Yadkin,36320,37500,38816
Yancey,33926,36445,37812
,,,
North Dakota,52736,55788,57232
Adams,48719,48401,50172
Barnes,49792,52651,55764
Benson,33318,37116,36139
Billings,77821,75712,79550
Bottineau,53366,62241,61071
Bowman,57830,59530,66566
Burke,62439,72618,74224
Burleigh,56088,58522,60117
Cass,54257,57067,58783
Cavalier,57576,75087,65298
Dickey,51227,54479,60512
Divide,50885,50593,52476
Dunn,55477,60049,63237
Eddy,55192,59384,59794
Emmons,46423,48268,49101
Foster,58576,61239,59570
Golden Valley,40248,36906,37688
Grand Forks,49551,51747,53502
Grant,45541,41963,45370
Griggs,55802,57744,56996
Hettinger,52731,47876,49775
Kidder,47954,50206,52877
LaMoure,49356,52821,57831
Logan,52962,52270,51670
McHenry,45446,52378,52038
McIntosh,52322,54331,58245
McKenzie,58532,64957,65130
McLean,50692,55567,55710
Mercer,58255,57973,57936
Morton,50404,52080,53454
Mountrail,53101,60643,61569
Nelson,57203,61157,60964
Oliver,43523,44047,44140
Pembina,57255,58365,60512
Pierce,46339,51272,49600
Ramsey,46263,49713,50047
Ransom,51491,54935,57933
Renville,55862,74970,70486
Richland,47229,50047,51045
Rolette,33164,36071,36875
Sargent,51869,56233,61102
Sheridan,42187,48774,46962
Sioux,25898,27485,28524
Slope,48653,40042,46328
Stark,59774,61501,63942
Steele,51159,55534,57770
Stutsman,49098,51779,53065
Towner,53812,71660,62530
Traill,47806,49892,53140
Walsh,48262,51027,51995
Ward,51200,54153,56088
Wells,53305,60201,59292
Williams,65795,69197,68291
,,,
Ohio,46829,48747,50199
Adams,33493,34597,35269
Allen,40925,42575,43788
Ashland,37215,38711,39977
Ashtabula,37169,38659,39767
Athens,32521,33279,34796
Auglaize,47304,48577,49789
Belmont,39881,43012,42987
Brown,35910,36978,38401
Butler,45383,47236,49146
Carroll,37672,39445,40833
Champaign,39616,41376,42432
Clark,39445,40563,41811
Clermont,51116,53553,55842
Clinton,43693,45183,46599
Columbiana,36550,38380,39311
Coshocton,33579,35070,35962
Crawford,37161,39055,39844
Cuyahoga,52561,54795,56502
Darke,41499,44271,44297
Defiance,39567,41108,42003
Delaware,71469,74037,75778
Erie,59786,60436,61821
Fairfield,44480,46093,47295
Fayette,37871,38938,40002
Franklin,48809,50285,51644
Fulton,43646,45351,46811
Gallia,37404,39196,40038
Geauga,66110,68884,70955
Greene,48486,50277,51509
Guernsey,38622,40403,41613
Hamilton,57101,59780,61732
Hancock,49695,50181,51762
Hardin,31629,33019,33788
Harrison,37481,38306,39209
Henry,43516,44780,46006
Highland,35168,36208,37317
Hocking,36890,37875,38975
Holmes,43100,45505,46876
Huron,39121,40709,41797
Jackson,34744,35397,36672
Jefferson,37519,39226,40844
Knox,40838,43135,44019
Lake,48715,50858,52475
Lawrence,36760,38638,39610
Licking,44460,45844,47097
Logan,41264,42889,44030
Lorain,44380,46183,47666
Lucas,44319,46477,47875
Madison,40622,41047,41862
Mahoning,41518,43134,43925
Marion,36661,37411,38644
Medina,53508,55575,57387
Meigs,33301,34210,35723
Mercer,49666,52964,52106
Miami,45851,47740,48997
Monroe,32019,35361,36672
Montgomery,45180,47033,48448
Morgan,31835,32926,34038
Morrow,37582,39094,40221
Muskingum,39289,40869,41998
Noble,25883,27291,27703
Ottawa,49384,51604,53133
Paulding,38950,41195,42017
Perry,36140,37428,38469
Pickaway,39336,40599,41422
Pike,36395,37496,38610
Portage,42294,43582,45023
Preble,38663,40107,41110
Putnam,47151,49514,50560
Richland,38074,39393,40507
Ross,35685,37261,38563
Sandusky,40063,41429,42188
Scioto,37014,39133,40144
Seneca,38195,39306,40607
Shelby,44249,45551,46739
Stark,43418,45051,46441
Summit,49091,51349,52918
Trumbull,39619,41093,42005
Tuscarawas,41793,43844,45199
Union,53797,58733,59811
Van Wert,40511,42473,43166
Vinton,32212,33330,34400
Warren,57515,59806,62111
Washington,40536,43524,44283
Wayne,42544,44823,46420
Williams,39686,41436,42970
Wood,45236,47420,48823
Wyandot,42384,45230,46428
,,,
Oklahoma,43794,45843,47341
Adair,28570,28755,29528
Alfalfa,34971,37904,39316
Atoka,31181,31739,32823
Beaver,48000,51797,52877
Beckham,35997,38925,38789
Blaine,38052,40623,42256
Bryan,33391,33950,35269
Caddo,34143,35826,37603
Canadian,43234,44865,46116
Carter,40778,42661,43578
Cherokee,31229,32322,33583
Choctaw,29959,31004,32368
Cimarron,69457,66417,71734
Cleveland,43169,44412,45675
Coal,33342,36027,38741
Comanche,39807,40893,42676
Cotton,39294,39855,43032
Craig,35782,36938,38861
Creek,38614,39866,41624
Custer,38221,39872,41261
Delaware,31180,31978,33113
Dewey,37921,45009,47685
Ellis,48870,51712,54037
Garfield,42638,43667,44899
Garvin,36161,37973,39303
Grady,37926,39554,40777
Grant,40805,41335,46669
Greer,28577,28578,30055
Harmon,37914,38473,42281
Harper,49541,53067,53798
Haskell,31829,32273,32972
Hughes,37240,40189,42601
Jackson,39008,40536,43321
Jefferson,30437,32556,34118
Johnston,34307,36326,34931
Kay,39387,40038,41469
Kingfisher,47747,51946,54342
Kiowa,34930,34841,37761
Latimer,33833,33987,35167
Le Flore,31414,32140,33222
Lincoln,33850,34760,35697
Logan,41206,42723,43861
Love,35602,37141,37666
McClain,43216,45646,46874
McCurtain,31730,32120,33002
McIntosh,32131,32979,35335
Major,39732,43481,43815
Marshall,31586,32597,33857
Mayes,33813,35032,36363
Murray,40711,42253,43275
Muskogee,35322,36186,37827
Noble,40230,41381,44037
Nowata,34170,35599,37054
Okfuskee,27826,28792,31212
Oklahoma,49087,50766,52048
Okmulgee,32399,33422,34888
Osage,33305,34120,35458
Ottawa,35261,36497,38291
Pawnee,34213,35421,36538
Payne,35235,36639,38276
Pittsburg,36636,38184,39331
Pontotoc,40714,42679,44712
Pottawatomie,36007,36752,38053
Pushmataha,30965,31440,32830
Roger Mills,44977,44661,44454
Rogers,43776,45833,47635
Seminole,31425,33297,34658
Sequoyah,31947,32470,33665
Stephens,38970,42138,43723
Texas,55159,57130,61652
Tillman,34499,34948,38674
Tulsa,58233,63015,64699
Wagoner,37918,39303,40851
Washington,58543,63444,66805
Washita,33514,35286,36141
Woods,40164,43058,44427
Woodward,35960,37598,38156
,,,
Oregon,48762,51500,53191
Baker,39059,41421,42494
Benton,44685,47070,48725
Clackamas,55806,59533,61726
Clatsop,43371,45954,47081
Columbia,42380,44335,46019
Coos,42177,44721,46429
Crook,39488,41529,42584
Curry,41296,43899,45474
Deschutes,52547,55612,56447
Douglas,39280,41067,42334
Gilliam,49752,51784,55409
Grant,39769,41715,42888
Harney,38052,40407,41818
Hood River,53457,55940,56325
Jackson,44955,46661,48291
Jefferson,32783,34405,35155
Josephine,39566,41909,43554
Klamath,39147,40787,41613
Lake,38761,41766,43228
Lane,44416,46124,47340
Lincoln,42264,44727,45935
Linn,41169,43327,44830
Malheur,31347,32929,34576
Marion,41389,43441,45158
Morrow,42947,45644,48605
Multnomah,55200,58716,60773
Polk,39698,41355,42897
Sherman,48314,56344,56940
Tillamook,43262,44403,45879
Umatilla,38488,40625,41928
Union,38854,40873,41721
Wallowa,43077,44933,46044
Wasco,41997,43161,43596
Washington,58223,61951,64043
Wheeler,34685,37038,39368
Yamhill,43543,45846,47494
,,,
Pennsylvania,53306,56032,58032
Adams,46786,48379,50182
Allegheny,59068,63722,65784
Armstrong,42486,45168,46925
Beaver,46010,48805,50600
Bedford,40414,41957,43426
Berks,47629,49439,51299
Blair,44330,46539,48277
Bradford,39454,40992,43187
Bucks,69780,73037,75864
Butler,55781,58293,60493
Cambria,40817,43445,45107
Cameron,45586,48112,47470
Carbon,48312,51202,53053
Centre,44720,45866,47564
Chester,79143,84409,87557
Clarion,39151,41060,42281
Clearfield,42622,44789,46253
Clinton,37967,39429,40669
Columbia,40743,42376,43793
Crawford,38538,40705,42237
Cumberland,52831,54808,56540
Dauphin,48794,51107,52716
Delaware,62959,67208,69740
Elk,45966,48492,49141
Erie,42524,45038,46379
Fayette,40442,42289,43835
Forest,21524,22959,24113
Franklin,44264,46298,47934
Fulton,42061,44634,45774
Greene,42132,43649,45161
Huntingdon,36339,37962,39371
Indiana,37750,40003,41503
Jefferson,41493,44335,45855
Juniata,43565,44831,46258
Lackawanna,45504,47515,48967
Lancaster,50115,52591,54314
Lawrence,41376,43705,45252
Lebanon,46104,47557,48924
Lehigh,50804,52433,54471
Luzerne,43121,45031,46363
Lycoming,41766,43571,44941
McKean,42840,44157,44774
Mercer,40580,42519,43682
Mifflin,37795,39356,40641
Monroe,40507,42267,43823
Montgomery,75699,79051,82037
Montour,55475,57241,58872
Northampton,52009,54705,56931
Northumberland,39986,41849,43289
Perry,42853,44673,46212
Philadelphia,53255,55457,57265
Pike,45531,47775,49873
Potter,40434,44063,45887
Schuylkill,40750,42481,44055
Snyder,40383,41956,43286
Somerset,39845,41424,43103
Sullivan,43618,46098,47455
Susquehanna,42730,44871,46737
Tioga,38561,40078,41990
Union,39446,40301,41400
Venango,39670,41970,43822
Warren,40326,41911,43401
Washington,55849,58291,60295
Wayne,41520,43605,45221
Westmoreland,49232,51712,53740
Wyoming,42168,45462,47099
York,47965,49888,51585
,,,
Rhode Island,52644,54431,56361
Bristol,75428,76489,78975
Kent,57195,58636,60874
Newport,65847,68480,70893
Providence,46277,47734,49392
Washington,61255,65085,67688
,,,
South Carolina,42227,43912,45438
Abbeville,32837,33758,35219
Aiken,41003,42703,44349
Allendale,31117,32539,33582
Anderson,38432,39979,41170
Bamberg,32172,33598,35203
Barnwell,32325,33924,35606
Beaufort,54372,57251,59318
Berkeley,38905,40825,42365
Calhoun,37411,39664,41136
Charleston,58880,61590,63901
Cherokee,31733,32870,33875
Chester,32660,33813,35227
Chesterfield,29745,31200,32249
Clarendon,31818,33298,34475
Colleton,34442,35940,37521
Darlington,36034,37601,39195
Dillon,27617,28468,30203
Dorchester,37256,39228,40926
Edgefield,35624,35709,37294
Fairfield,35399,36592,37834
Florence,40006,42045,44001
Georgetown,45594,47586,49341
Greenville,46997,48601,49801
Greenwood,36257,37024,38180
Hampton,31320,32887,34322
Horry,36224,37805,39028
Jasper,27919,30017,31488
Kershaw,39990,41509,42929
Lancaster,47772,51102,52396
Laurens,33610,34647,35441
Lee,30354,31696,33605
Lexington,45748,46463,47992
McCormick,36361,39192,40004
Marion,30192,31639,33569
Marlboro,30543,32191,32637
Newberry,37103,37946,39024
Oconee,41891,43882,45004
Orangeburg,33059,34251,35656
Pickens,37091,38466,39549
Richland,44241,45554,47299
Saluda,33548,33478,34353
Spartanburg,41803,43055,44169
Sumter,37096,38616,40019
Union,31497,33090,34341
Williamsburg,31241,32754,34993
York,45074,47010,48588
,,,
South Dakota,49787,52633,53962
Aurora,35934,38753,40709
Beadle,46990,48100,49521
Bennett,32907,35777,36759
Bon Homme,35544,38758,40713
Brookings,43897,46254,47782
Brown,50824,54846,55397
Brule,44430,46607,45320
Buffalo,24207,23229,20682
Butte,37189,38084,38449
Campbell,43761,53284,48544
Charles Mix,35659,40138,41567
Clark,42966,48248,46281
Clay,36382,39133,40589
Codington,47061,49687,51250
Corson,27774,26821,27114
Custer,46499,48150,49665
Davison,49185,51561,53275
Day,43959,48466,46087
Deuel,48542,50988,52808
Dewey,36665,36432,38051
Douglas,47057,52133,59855
Edmunds,46992,57450,54210
Fall River,45059,46316,48186
Faulk,44713,55357,56814
Grant,55385,55549,57365
Gregory,42404,44506,44981
Haakon,47421,56915,51865
Hamlin,42161,44636,44145
Hand,51747,57967,54579
Hanson,57488,62565,65135
Harding,51594,46303,50170
Hughes,52073,52231,54352
Hutchinson,46391,51329,56811
Hyde,54849,50710,48836
Jackson,26542,28028,27278
Jerauld,39670,40815,39599
Jones,52533,53737,58796
Kingsbury,49809,55813,57495
Lake,50892,48949,51119
Lawrence,48188,51310,52919
Lincoln,66066,69094,70461
Lyman,38360,41966,41809
McCook,46401,49388,53322
McPherson,39490,45966,43635
Marshall,40376,48330,49754
Meade,41633,43533,44365
Mellette,30625,31332,31131
Miner,42164,47938,50603
Minnehaha,55263,58201,59905
Moody,46070,51119,51866
Oglala Lakota,24498,25263,25840
Pennington,49505,51801,53071
Perkins,43771,39961,40282
Potter,65492,69358,72468
Roberts,34420,38113,36756
Sanborn,40943,47835,52093
Spink,53075,57727,55810
Stanley,64378,59324,62601
Sully,72393,77126,73244
Todd,24234,25417,26172
Tripp,46454,50969,51501
Turner,56153,51792,54445
Union,102912,116776,117055
Walworth,45239,46493,46589
Yankton,46782,49784,51011
Ziebach,19390,20507,19940
,,,
Tennessee,45233,47210,48684
Anderson,40526,41993,43045
Bedford,36322,37468,38667
Benton,32811,33484,34482
Bledsoe,24775,25838,27113
Blount,41605,44070,45222
Bradley,38081,39453,40712
Campbell,32452,33677,34655
Cannon,34892,35228,36713
Carroll,34974,35607,37529
Carter,32944,33840,34691
Cheatham,42331,44198,46138
Chester,32321,33690,34800
Claiborne,33835,35168,35996
Clay,30188,30811,31056
Cocke,31159,32282,33340
Coffee,37554,38762,40415
Crockett,36133,38554,40735
Cumberland,36096,36771,37720
Davidson,63101,68958,71252
Decatur,39614,41372,41949
DeKalb,38435,40029,40280
Dickson,39137,40532,42088
Dyer,39031,40416,42552
Fayette,53797,54706,56361
Fentress,31188,32574,33727
Franklin,37725,38954,40370
Gibson,36723,38039,39892
Giles,37791,38281,38934
Grainger,32176,33867,34983
Greene,35347,36271,37287
Grundy,30979,32241,33635
Hamblen,35904,37298,38304
Hamilton,50060,51846,53360
Hancock,25849,26927,28083
Hardeman,28424,29306,30977
Hardin,37295,39397,40331
Hawkins,32966,34291,35077
Haywood,32165,33639,35920
Henderson,34485,35676,36986
Henry,40032,40742,42407
Hickman,31408,32655,33840
Houston,31139,31986,33635
Humphreys,37929,38045,39784
Jackson,29257,30727,31676
Jefferson,34723,36476,37494
Johnson,31404,31951,33058
Knox,48102,50531,51758
Lake,22161,21997,25772
Lauderdale,28406,29908,31976
Lawrence,33852,34511,35983
Lewis,32834,34672,36378
Lincoln,39136,40102,42134
Loudon,47033,48812,50154
McMinn,34791,36337,37601
McNairy,31353,32769,33914
Macon,32183,32838,33535
Madison,41673,42639,44135
Marion,37882,38998,40365
Marshall,36457,37698,39173
Maury,41068,42645,44246
Meigs,32837,33210,34472
Monroe,32271,33702,34720
Montgomery,40942,41733,43028
Moore,38697,39691,41565
Morgan,28596,29857,30962
Obion,39107,40963,42717
Overton,32888,34120,35085
Perry,32569,34344,34522
Pickett,38414,39018,39569
Polk,32517,33163,34234
Putnam,38633,39494,40223
Rhea,33006,34222,35424
Roane,39280,40730,41917
Robertson,40662,42067,43856
Rutherford,39812,41302,42712
Scott,28639,30501,31046
Sequatchie,36285,37687,39154
Sevier,38352,40024,41136
Shelby,47718,49417,50744
Smith,36429,38797,40290
Stewart,39093,39620,41155
Sullivan,41087,42926,43610
Sumner,46708,48598,50213
Tipton,37622,39005,40514
Trousdale,28946,30480,31835
Unicoi,34643,36220,37278
Union,30925,32080,32853
Van Buren,29387,30538,31628
Warren,33763,34578,35453
Washington,42006,43629,44593
Wayne,26462,28050,28922
Weakley,35359,36491,38465
White,31824,32640,33761
Williamson,91669,92644,95053
Wilson,47410,49243,50875
,,,
Texas,48394,51136,52813
Anderson,32759,34363,36027
Andrews,45435,50776,51769
Angelina,37347,38899,39644
Aransas,45597,50184,51614
Archer,47778,49601,52335
Armstrong,46128,52201,53422
Atascosa,35517,36686,37644
Austin,48176,49449,51118
Bailey,42853,43590,44665
Bandera,41871,43664,44925
Bastrop,35202,36676,38289
Baylor,42420,44172,46615
Bee,27687,28692,29792
Bell,42147,42687,43919
Bexar,44170,46531,47830
Blanco,50806,53189,54814
Borden,46175,67094,61287
Bosque,39436,41271,42366
Bowie,39187,40048,41172
Brazoria,45864,46744,48374
Brazos,37426,40124,41348
Brewster,43291,46109,48422
Briscoe,40410,44709,44413
Brooks,33131,35049,36558
Brown,37366,39053,39661
Burleson,41379,44380,45970
Burnet,45129,48220,49731
Caldwell,32209,33073,34617
Calhoun,37583,43679,46208
Callahan,37514,40027,41962
Cameron,27622,28940,29928
Camp,36760,37381,37111
Carson,43496,44495,48571
Cass,35133,36572,37566
Castro,62749,59181,64427
Chambers,52485,54718,56610
Cherokee,33303,34754,35245
Childress,29305,30084,30731
Clay,40561,42411,44295
Cochran,38066,39941,39333
Coke,39228,40684,41669
Coleman,39377,40501,42683
Collin,63911,66343,68474
Collingsworth,37574,39173,42026
Colorado,44761,45374,46909
Comal,56841,58885,60056
Comanche,38886,40812,43242
Concho,31897,33614,35758
Cooke,50625,51205,52875
Coryell,33261,34476,35570
Cottle,60087,61978,60260
Crane,42923,48609,51025
Crockett,39277,42228,44458
Crosby,33399,36474,37580
Culberson,46813,54599,59506
Dallam,65231,59900,64756
Dallas,56609,60780,62782
Dawson,36639,41686,40131
Deaf Smith,51368,49329,52368
Delta,38716,38752,40622
Denton,54078,57495,59414
DeWitt,52478,57967,59389
Dickens,31203,32818,33843
Dimmit,34442,37317,38800
Donley,42572,46505,45531
Duval,35210,37931,39029
Eastland,61016,77657,78826
Ector,42824,48449,50161
Edwards,37055,41380,45429
Ellis,42874,44348,45968
El Paso,34601,36358,37715
Erath,37009,38818,40462
Falls,33386,34791,35258
Fannin,36964,38161,39830
Fayette,50980,52871,54552
Fisher,39553,49172,44630
Floyd,39234,41243,44646
Foard,41812,46435,44895
Fort Bend,55584,57851,59653
Franklin,38365,40260,41307
Freestone,35541,36966,38182
Frio,28448,29160,30223
Gaines,39672,41173,44405
Galveston,49931,52536,54250
Garza,28465,31325,32601
Gillespie,59077,61754,63291
Glasscock,83038,85914,84623
Goliad,41335,43770,45589
Gonzales,42013,45897,44789
Gray,41647,42497,44127
Grayson,40793,42480,43987
Gregg,43651,45845,47109
Grimes,34333,35523,36909
Guadalupe,43373,44361,45797
Hale,32054,33551,35633
Hall,33158,33646,33095
Hamilton,57650,58038,60584
Hansford,63570,61020,65330
Hardeman,38202,41891,42023
Hardin,44055,46100,47221
Harris,54325,58235,60002
Harrison,40159,41515,42891
Hartley,76545,71979,81238
Haskell,34904,37407,39899
Hays,41725,43395,45332
Hemphill,56478,55367,57053
Henderson,38227,38743,40135
Hidalgo,25712,26615,27415
Hill,38181,40129,41240
Hockley,40537,41227,42162
Hood,49589,49806,51384
Hopkins,38102,40144,41562
Houston,36622,38384,39609
Howard,37588,42999,43348
Hudspeth,33642,22508,23569
Hunt,36583,37701,38892
Hutchinson,39916,42141,43981
Irion,67749,71336,72177
Jack,39619,43580,40827
Jackson,40589,42469,46596
Jasper,39141,39752,40834
Jeff Davis,40229,41865,43080
Jefferson,42349,43515,44613
Jim Hogg,30513,32177,33602
Jim Wells,39305,40555,42174
Johnson,40348,42357,43759
Jones,29080,31010,32639
Karnes,46484,53538,56449
Kaufman,41538,42797,43972
Kendall,82627,80739,81882
Kenedy,41239,39073,42262
Kent,51208,56694,54630
Kerr,48740,50233,51768
Kimble,42351,43041,44371
King,72716,86917,78849
Kinney,29859,31560,32219
Kleberg,38256,40210,41526
Knox,37632,39957,39587
Lamar,40593,41130,43063
Lamb,40823,42153,45655
Lampasas,48300,49823,50656
La Salle,34461,38768,39913
Lavaca,48724,51800,53483
Lee,45391,46975,50665
Leon,37895,39480,40056
Liberty,36310,36924,37874
Limestone,34349,36387,37774
Lipscomb,65316,72844,77810
Live Oak,33751,36134,37415
Llano,46554,48162,49905
Loving,53692,51730,53734
Lubbock,40986,43025,44311
Lynn,39212,40151,43141
McCulloch,37337,39147,38895
McLennan,39866,41410,42159
McMullen,65779,64264,65250
Madison,30053,31358,32648
Marion,36412,38376,39895
Martin,52754,64815,60844
Mason,44182,46547,47439
Matagorda,40859,42730,45237
Maverick,28694,30495,31380
Medina,38234,39753,41095
Menard,33454,36067,37218
Midland,111017,129340,130983
Milam,35376,35510,37238
Mills,36518,38176,39334
Mitchell,32158,33539,33593
Montague,39408,41032,42230
Montgomery,61350,61767,63424
Moore,41903,43021,46108
Morris,40834,40825,41068
Motley,29381,30749,32988
Nacogdoches,36377,38020,38569
Navarro,37113,38442,39652
Newton,31924,33294,34265
Nolan,41313,43890,46066
Nueces,42516,43414,44889
Ochiltree,56470,58696,60862
Oldham,54947,55661,55479
Orange,43067,44685,45663
Palo Pinto,38133,39800,41193
Panola,41003,45660,45467
Parker,51708,54172,55811
Parmer,46767,45349,49541
Pecos,34446,38151,39731
Polk,38498,39292,39818
Potter,42004,44343,46086
Presidio,39886,44181,46581
Rains,33641,33976,34819
Randall,46813,48009,49544
Reagan,43151,53480,51945
Real,33588,35040,36070
Red River,39974,41192,43039
Reeves,34030,41726,45458
Refugio,41629,44195,46464
Roberts,45691,48409,48344
Robertson,39483,41267,42463
Rockwall,59355,60461,62237
Runnels,37995,39588,41929
Rusk,34953,36824,37697
Sabine,33799,34776,36627
San Augustine,36583,39413,42299
San Jacinto,33626,34853,36260
San Patricio,42417,45107,46506
San Saba,37205,40264,40521
Schleicher,36297,40554,42255
Scurry,40996,43085,42915
Shackelford,108047,112335,113163
Shelby,39850,42441,41767
Sherman,95795,83594,97002
Smith,52319,55281,56292
Somervell,44883,44405,45812
Starr,25497,26887,27713
Stephens,36061,43033,43971
Sterling,57888,60758,61920
Stonewall,58468,60573,58541
Sutton,59270,63339,61646
Swisher,51025,50966,51779
Tarrant,49366,51554,53292
Taylor,42931,45767,47793
Terrell,46455,46667,49591
Terry,34728,34597,37741
Throckmorton,34589,38202,41454
Titus,33954,36113,37070
Tom Green,43802,47431,48876
Travis,64199,69084,71666
Trinity,33427,34841,36062
Tyler,30856,31819,32978
Upshur,34681,36751,37563
Upton,42436,44565,47118
Uvalde,38807,39858,41116
Val Verde,34687,36337,38331
Van Zandt,36906,38310,39609
Victoria,44341,46994,48938
Walker,26921,28706,29838
Waller,38669,41123,42456
Ward,41116,49518,53870
Washington,49771,54054,55735
Webb,30340,31491,32466
Wharton,41277,43358,45221
Wheeler,40893,43288,44309
Wichita,41451,42904,44479
Wilbarger,41832,45287,46314
Willacy,25300,27463,27584
Williamson,48588,50773,53145
Wilson,42683,45044,46448
Winkler,47359,59141,63667
Wise,41917,43384,44870
Wood,37219,38398,39803
Yoakum,42562,42712,44932
Young,47937,50037,50732
Zapata,27112,28570,28936
Zavala,27121,28993,30779
,,,
Utah,44178,47008,48939
Beaver,33293,36524,40889
Box Elder,36102,38237,40621
Cache,37662,40325,41811
Carbon,36062,39307,40679
Daggett,40423,42920,47753
Davis,43944,46281,48423
Duchesne,35610,36171,37869
Emery,31022,34057,35177
Garfield,37715,38305,39900
Grand,51182,56312,59196
Iron,31119,33195,34353
Juab,33999,38148,39103
Kane,39430,40673,41502
Millard,34591,36451,38336
Morgan,49457,53457,55967
Piute,44175,44494,44169
Rich,35114,37994,40845
Salt Lake,50097,53079,55446
San Juan,25591,26863,28074
Sanpete,27956,29906,30592
Sevier,33057,36126,37558
Summit,125933,146004,151326
Tooele,35044,36904,38446
Uintah,30173,31688,32241
Utah,38878,41269,42995
Wasatch,51161,57452,59584
Washington,37043,40053,40886
Wayne,38074,40894,42426
Weber,39915,41916,43707
,,,
Vermont,51697,53531,55293
Addison,49534,51247,52966
Bennington,51356,53604,55870
Caledonia,39792,40781,43113
Chittenden,58179,60302,61858
Essex,35236,36237,38844
Franklin,44895,46072,47889
Grand Isle,57035,57997,59863
Lamoille,50993,53501,54761
Orange,45037,46825,48961
Orleans,41808,43240,44579
Rutland,49493,51246,53152
Washington,57487,59415,60368
Windham,48708,49823,52123
Windsor,55115,57596,59604
,,,
Virginia,55631,57964,59657
Accomack,40837,41826,42923
Amelia,42746,43272,44297
Amherst,35717,37142,38165
Appomattox,36907,38217,39268
Arlington,91685,96881,99407
Bath,61491,63689,66864
Bedford,44864,46579,47590
Bland,35988,36956,38126
Botetourt,48473,50359,51738
Brunswick,31775,32347,33784
Buchanan,34222,35495,37048
Buckingham,29155,30076,30966
Caroline,40757,41569,42977
Charles City,44383,45264,46976
Charlotte,34690,35497,36737
Chesterfield,52225,53702,55070
Clarke,63710,65443,67094
Craig,36942,38183,39087
Culpeper,44751,46303,47689
Cumberland,37139,37723,39094
Dickenson,31067,32311,34397
Essex,40740,41761,43041
Fauquier,68382,70571,72577
Floyd,36861,38532,40065
Fluvanna,42801,44290,45334
Franklin,39233,40473,41795
Giles,38325,39681,41179
Gloucester,48371,50096,51847
Goochland,97960,101267,102690
Grayson,31100,32108,33190
Greene,42622,45136,46529
Halifax,35524,36658,38414
Hanover,58652,60189,61832
Henrico,64545,66777,68639
Highland,43827,43975,44791
Isle of Wight,53220,55554,57645
King and Queen,41775,43024,44798
King George,50922,52033,53777
King William,45480,46229,47802
Lancaster,58294,59356,61447
Lee,29063,29940,31087
Loudoun,75312,78762,80914
Louisa,41195,42439,42723
Lunenburg,32065,32944,33996
Madison,47144,46874,48577
Mathews,54372,56258,57844
Mecklenburg,36114,37391,38481
Middlesex,49835,51214,53553
Nelson,48581,49831,51297
New Kent,69142,73502,75221
Northampton,46991,48989,51101
Northumberland,50124,51585,54616
Nottoway,33992,34766,36295
Orange,47930,49027,50642
Page,37568,38565,39633
Patrick,33148,34014,34541
Powhatan,55011,57177,58609
Prince Edward,31059,31329,32416
Pulaski,38388,40169,41311
Rappahannock,61770,66678,68382
Richmond,36075,36510,37741
Russell,32358,33641,34827
Scott,32501,33901,34589
Shenandoah,43092,45127,46680
Smyth,35948,36942,38090
Stafford,53092,54766,56346
Surry,43200,44477,44647
Sussex,30035,30962,32383
Tazewell,37191,38186,39276
Warren,45035,46392,47932
Westmoreland,42464,44001,45782
Wythe,34461,35474,36695
Independent cities:,,,
Alexandria,84923,89648,91990
Chesapeake,48696,50326,51874
Hampton,41943,43448,44909
Newport News,41735,42977,44465
Norfolk,40284,41479,42875
Portsmouth,39535,41144,42605
Richmond,54467,55272,56560
Roanoke,42253,44144,45277
Suffolk,50013,51979,53740
Virginia Beach,56042,58004,59805
Combination areas2:,,,
Albemarle + Charlottesville,71785,76342,77657
Alleghany + Covington,38146,39628,40928
Augusta Staunton + Waynesboro,42815,44336,45658
Campbell + Lynchburg,36529,37826,38565
Carroll + Galax,34721,35843,36812
Dinwiddie Colonial Heights + Petersburg,39401,40150,41337
Fairfax Fairfax City + Falls Church,79068,83747,86141
Frederick + Winchester,49051,50774,52317
Greensville + Emporia,31233,31905,33144
Henry + Martinsville,37827,39258,40545
James City + Williamsburg,63359,64466,66306
Montgomery + Radford,36125,37730,38756
Pittsylvania + Danville,36750,38212,39392
Prince George + Hopewell,37629,38478,39359
Prince William Manassas Manassas Park,52722,54668,56366
Roanoke Salem,50460,52120,53489
Rockbridge Buena Vista  Lexington,39045,39978,41794
Rockingham + Harrisonburg,38828,40328,41312
Southampton + Franklin,40584,41734,44215
Spotsylvania + Fredericksburg,48951,50627,52157
Washington + Bristol,39527,40773,41513
Wise + Norton,31532,32799,34196
York + Poquoson,56729,59345,61308
,,,
Washington,58437,62209,64758
Adams,39564,41569,43429
Asotin,45325,46917,48456
Benton,46076,47682,49354
Chelan,52180,54584,56253
Clallam,44050,46281,47856
Clark,50726,54542,56401
Columbia,46692,48730,51660
Cowlitz,42904,44923,46503
Douglas,39865,40582,41725
Ferry,36010,36369,37311
Franklin,36298,37836,39526
Garfield,46108,48671,54352
Grant,39031,39731,41141
Grays Harbor,38778,40566,41928
Island,52460,54578,56977
Jefferson,50094,53631,55447
King,84598,91161,94974
Kitsap,52819,56297,58874
Kittitas,40844,42117,43562
Klickitat,46780,48883,49458
Lewis,40483,42695,44569
Lincoln,43230,45374,47282
Mason,40617,42124,43966
Okanogan,41486,42473,43295
Pacific,39993,41685,42603
Pend Oreille,39914,42747,44461
Pierce,48832,51192,53572
San Juan,73075,81024,81351
Skagit,49436,52072,54505
Skamania,43471,46011,47461
Snohomish,52349,55982,58729
Spokane,44483,46906,48436
Stevens,37583,39469,40863
Thurston,48569,50469,52828
Wahkiakum,41134,43144,44522
Walla Walla,43979,46429,48444
Whatcom,46452,49464,50915
Whitman,37754,41596,42665
Yakima,41752,43905,45757
,,,
West Virginia,38927,41192,42315
Barbour,30543,32519,33599
Berkeley,39757,41236,42473
Boone,32142,34859,35615
Braxton,30319,31885,32816
Brooke,39996,42362,43882
Cabell,40467,43250,44177
Calhoun,28635,30173,31229
Clay,29486,31313,32197
Doddridge,26850,29200,30173
Fayette,33050,34817,36424
Gilmer,27777,28799,29672
Grant,36424,35610,36862
Greenbrier,36499,37910,38842
Hampshire,33865,34804,36093
Hancock,40271,42504,43823
Hardy,33754,34028,34417
Harrison,45314,48907,49793
Jackson,35532,38519,39254
Jefferson,47948,49924,51527
Kanawha,45703,48357,49553
Lewis,36868,40845,41728
Lincoln,28979,31028,31997
Logan,35037,37148,38147
McDowell,29686,30651,32294
Marion,40725,42388,43522
Marshall,38375,42447,42595
Mason,32010,33427,34833
Mercer,36024,37703,38778
Mineral,37455,39156,40518
Mingo,30823,32466,33553
Monongalia,43198,45490,46630
Monroe,30099,30919,32189
Morgan,33366,34256,35536
Nicholas,32132,34024,34792
Ohio,61380,64115,64461
Pendleton,35985,36048,36491
Pleasants,41339,43385,43929
Pocahontas,36972,38365,40243
Preston,34659,36117,37595
Putnam,44204,46782,47849
Raleigh,39053,41917,43846
Randolph,35251,36825,38142
Ritchie,35446,38230,39828
Roane,33179,35621,36608
Summers,32206,33616,34933
Taylor,38290,40674,41663
Tucker,40473,41856,43069
Tyler,35737,38387,39863
Upshur,31360,33366,35420
Wayne,31844,33831,34811
Webster,27285,28223,29348
Wetzel,33432,37293,36874
Wirt,30101,31979,32680
Wood,39816,44044,44754
Wyoming,29220,30999,31315
,,,
Wisconsin,49264,51628,53227
Adams,37841,38816,40841
Ashland,38924,40345,42007
Barron,46666,49452,50166
Bayfield,45748,49079,50750
Brown,50119,52803,54090
Buffalo,43644,45957,47630
Burnett,41465,43548,45023
Calumet,48839,51013,52859
Chippewa,43906,46156,47507
Clark,39105,41119,43135
Columbia,48747,51112,53423
Crawford,40622,41619,43124
Dane,58317,61577,64071
Dodge,42800,44452,46099
Door,60328,62803,64249
Douglas,41118,43228,44941
Dunn,38390,39909,41208
Eau Claire,45938,48487,49851
Florence,51091,52455,53310
Fond du Lac,46055,48311,49949
Forest,39514,40984,42663
Grant,41651,43575,45392
Green,49065,51157,53782
Green Lake,44310,45128,46260
Iowa,45759,47826,50309
Iron,48868,49327,50249
Jackson,44077,46042,46296
Jefferson,44017,45786,47152
Juneau,36774,38186,39218
Kenosha,44825,47121,48596
Kewaunee,45225,46838,49539
La Crosse,47872,50257,51813
Lafayette,41142,42872,45339
Langlade,42104,43204,44923
Lincoln,43870,45644,47135
Manitowoc,45810,47040,48502
Marathon,47984,50509,52141
Marinette,42105,44564,45906
Marquette,39304,40739,42513
Menominee,29384,30175,30977
Milwaukee,45356,47910,49098
Monroe,40659,41475,42974
Oconto,43623,45589,47104
Oneida,49315,50772,52014
Outagamie,49281,51050,52640
Ozaukee,79706,83621,85492
Pepin,46719,48166,49793
Pierce,44462,45799,47114
Polk,45050,46376,47856
Portage,43838,45492,47278
Price,44043,45801,47086
Racine,47418,49710,50845
Richland,40931,42917,44803
Rock,42212,44295,46236
Rusk,42662,44233,44556
St. Croix,53774,55970,57328
Sauk,46375,48828,51115
Sawyer,43913,45197,47360
Shawano,41024,42349,44196
Sheboygan,50830,53263,54703
Taylor,38707,39623,41858
Trempealeau,42735,44606,45218
Vernon,39076,40936,42578
Vilas,51771,53679,54734
Walworth,47789,49821,51196
Washburn,45700,47335,49456
Washington,55807,58343,59979
Waukesha,68972,72176,73873
Waupaca,43715,45538,47035
Waushara,38997,40724,42544
Winnebago,46047,47974,49276
Wood,44852,46388,48046
,,,
Wyoming,56524,60689,62189
Albany,39289,41226,42698
Big Horn,36208,38198,39318
Campbell,49894,53564,55348
Carbon,53502,57459,59665
Converse,50448,56556,63736
Crook,44414,47027,47966
Fremont,42096,45535,47071
Goshen,40138,42791,43725
Hot Springs,49025,54424,57101
Johnson,48600,53839,54476
Laramie,49695,52655,54113
Lincoln,39783,42646,44331
Natrona,62752,71324,72187
Niobrara,47765,51653,52484
Park,51731,57494,58386
Platte,47153,50083,52624
Sheridan,54536,58622,59666
Sublette,50360,55337,54850
Sweetwater,50741,55352,57225
Teton,227436,230141,229825
Uinta,38386,40425,41912
Washakie,45184,49310,50735
Weston,42483,44940,46655
